Episode,Difficulty,DifficultyName,Reward,WindowAvg
1,1,EASY,0.3162,0.3162
2,1,EASY,0.5453,0.4307
3,1,EASY,0.5393,0.4669
4,1,EASY,0.5485,0.4873
5,1,EASY,0.5727,0.5044
6,1,EASY,0.5483,0.5117
7,1,EASY,0.528,0.514
8,1,EASY,0.5476,0.5182
9,1,EASY,0.5862,0.5258
10,1,EASY,0.4906,0.5223
11,1,EASY,0.5557,0.5253
12,1,EASY,0.5746,0.5294
13,1,EASY,0.4732,0.5251
14,1,EASY,0.5472,0.5267
15,1,EASY,0.5568,0.5287
16,1,EASY,0.4326,0.5227
17,1,EASY,0.5386,0.5236
18,1,EASY,0.55,0.5251
19,1,EASY,0.5549,0.5266
20,1,EASY,0.4937,0.525
21,1,EASY,0.4801,0.5229
22,1,EASY,0.3979,0.5172
23,1,EASY,0.5293,0.5177
24,1,EASY,0.5576,0.5194
25,1,EASY,0.5639,0.5211
26,1,EASY,0.5436,0.522
27,1,EASY,0.5113,0.5216
28,1,EASY,0.4822,0.5202
29,1,EASY,0.5271,0.5204
30,1,EASY,0.4122,0.5168
31,1,EASY,0.5447,0.5177
32,1,EASY,0.4571,0.5158
33,1,EASY,0.6424,0.5197
34,1,EASY,0.5834,0.5215
35,1,EASY,0.5281,0.5217
36,1,EASY,0.5638,0.5229
37,1,EASY,0.4013,0.5196
38,1,EASY,0.5329,0.52
39,1,EASY,0.5556,0.5209
40,1,EASY,0.5722,0.5222
41,1,EASY,0.5269,0.5223
42,1,EASY,0.4369,0.5202
43,1,EASY,0.5456,0.5208
44,1,EASY,0.5326,0.5211
45,1,EASY,0.55,0.5217
46,1,EASY,0.492,0.5211
47,1,EASY,0.4276,0.5191
48,1,EASY,0.538,0.5195
49,1,EASY,0.5661,0.5204
50,1,EASY,0.4724,0.5195
51,1,EASY,0.5318,0.5238
52,1,EASY,0.5235,0.5234
53,1,EASY,0.3791,0.5202
54,1,EASY,0.4065,0.5173
55,1,EASY,0.5594,0.5171
56,1,EASY,0.5132,0.5164
57,1,EASY,0.544,0.5167
58,1,EASY,0.5244,0.5162
59,1,EASY,0.3845,0.5122
60,1,EASY,0.4001,0.5104
61,1,EASY,0.4776,0.5088
62,1,EASY,0.3668,0.5047
63,1,EASY,0.5779,0.5067
64,1,EASY,0.3693,0.5032
65,1,EASY,0.4751,0.5016
66,1,EASY,0.5668,0.5042
67,1,EASY,0.5616,0.5047
68,1,EASY,0.4211,0.5021
69,1,EASY,0.6544,0.5041
70,1,EASY,0.5541,0.5053
71,1,EASY,0.5013,0.5057
72,1,EASY,0.5541,0.5089
73,1,EASY,0.3689,0.5057
74,1,EASY,0.5716,0.5059
75,1,EASY,0.475,0.5042
76,1,EASY,0.6164,0.5056
77,1,EASY,0.5787,0.507
78,1,EASY,0.5431,0.5082
79,1,EASY,0.4713,0.5071
80,1,EASY,0.3808,0.5064
81,1,EASY,0.4769,0.5051
82,1,EASY,0.38,0.5035
83,1,EASY,0.5859,0.5024
84,1,EASY,0.5606,0.502
85,1,EASY,0.6519,0.5044
86,1,EASY,0.4191,0.5015
87,1,EASY,0.2934,0.4994
88,1,EASY,0.4136,0.497
89,1,EASY,0.5497,0.4969
90,1,EASY,0.5633,0.4967
91,1,EASY,0.5552,0.4973
92,1,EASY,0.5554,0.4996
93,1,EASY,0.5732,0.5002
94,1,EASY,0.656,0.5027
95,1,EASY,0.4015,0.4997
96,1,EASY,0.6507,0.5029
97,1,EASY,0.5419,0.5051
98,1,EASY,0.3368,0.5011
99,1,EASY,0.5392,0.5006
100,1,EASY,0.536,0.5019
101,1,EASY,0.5479,0.5022
102,1,EASY,0.5677,0.5031
103,1,EASY,0.3766,0.503
104,1,EASY,0.5513,0.5059
105,1,EASY,0.6367,0.5075
106,1,EASY,0.532,0.5078
107,1,EASY,0.586,0.5087
108,1,EASY,0.5771,0.5097
109,1,EASY,0.5804,0.5136
110,1,EASY,0.5584,0.5168
111,1,EASY,0.5317,0.5179
112,1,EASY,0.5601,0.5218
113,1,EASY,0.4892,0.52
114,1,EASY,0.5316,0.5232
115,1,EASY,0.4236,0.5222
116,1,EASY,0.5627,0.5221
117,1,EASY,0.525,0.5214
118,1,EASY,0.393,0.5208
119,1,EASY,0.5266,0.5183
120,1,EASY,0.5626,0.5184
121,1,EASY,0.5206,0.5188
122,1,EASY,0.5342,0.5184
123,1,EASY,0.3377,0.5178
124,1,EASY,0.3987,0.5143
125,1,EASY,0.574,0.5163
126,1,EASY,0.529,0.5146
127,1,EASY,0.5725,0.5144
128,1,EASY,0.5646,0.5149
129,1,EASY,0.5267,0.516
130,1,EASY,0.5732,0.5198
131,1,EASY,0.5471,0.5212
132,1,EASY,0.399,0.5216
133,1,EASY,0.5629,0.5212
134,1,EASY,0.4758,0.5195
135,1,EASY,0.4943,0.5163
136,1,EASY,0.4713,0.5174
137,1,EASY,0.5553,0.5226
138,1,EASY,0.5267,0.5249
139,1,EASY,0.5755,0.5254
140,1,EASY,0.5626,0.5254
141,1,EASY,0.4603,0.5235
142,1,EASY,0.5268,0.5229
143,1,EASY,0.3123,0.5177
144,1,EASY,0.5012,0.5146
145,1,EASY,0.5732,0.518
146,1,EASY,0.6172,0.5173
147,1,EASY,0.3946,0.5144
148,1,EASY,0.5559,0.5188
149,1,EASY,0.4467,0.5169
150,1,EASY,0.3636,0.5135
151,1,EASY,0.574,0.514
152,1,EASY,0.439,0.5114
153,1,EASY,0.5414,0.5147
154,1,EASY,0.4278,0.5122
155,1,EASY,0.5514,0.5105
156,1,EASY,0.5425,0.5108
157,1,EASY,0.5632,0.5103
158,1,EASY,0.5524,0.5098
159,1,EASY,0.5046,0.5083
160,1,EASY,0.4052,0.5052
161,1,EASY,0.568,0.5059
162,1,EASY,0.6544,0.5078
163,1,EASY,0.4816,0.5077
164,1,EASY,0.5356,0.5078
165,1,EASY,0.4756,0.5088
166,1,EASY,0.5633,0.5088
167,1,EASY,0.5444,0.5092
168,1,EASY,0.6295,0.5139
169,1,EASY,0.488,0.5132
170,1,EASY,0.6245,0.5144
171,1,EASY,0.6178,0.5163
172,1,EASY,0.559,0.5168
173,1,EASY,0.6241,0.5226
174,1,EASY,0.5319,0.5252
175,1,EASY,0.5607,0.525
176,1,EASY,0.5334,0.5251
177,1,EASY,0.5035,0.5237
178,1,EASY,0.5747,0.5239
179,1,EASY,0.5239,0.5238
180,1,EASY,0.5535,0.5234
181,1,EASY,0.6722,0.5259
182,1,EASY,0.4768,0.5275
183,1,EASY,0.5774,0.5278
184,1,EASY,0.4559,0.5274
185,1,EASY,0.5264,0.528
186,1,EASY,0.472,0.528
187,1,EASY,0.4593,0.5261
188,1,EASY,0.5331,0.5262
189,1,EASY,0.4879,0.5245
190,1,EASY,0.561,0.5245
191,1,EASY,0.5501,0.5263
192,1,EASY,0.5541,0.5268
193,1,EASY,0.4719,0.53
194,1,EASY,0.5433,0.5308
195,1,EASY,0.5263,0.5299
196,1,EASY,0.4271,0.5261
197,1,EASY,0.4798,0.5278
198,1,EASY,0.6171,0.529
199,1,EASY,0.4273,0.5286
200,1,EASY,0.6281,0.5339
201,1,EASY,0.4995,0.5324
202,1,EASY,0.4888,0.5334
203,1,EASY,0.5546,0.5337
204,1,EASY,0.4956,0.5351
205,1,EASY,0.5048,0.5341
206,1,EASY,0.4057,0.5314
207,1,EASY,0.6182,0.5325
208,1,EASY,0.5422,0.5323
209,1,EASY,0.5425,0.533
210,1,EASY,0.3924,0.5328
211,1,EASY,0.4757,0.5309
212,1,EASY,0.5589,0.529
213,1,EASY,0.5537,0.5305
214,1,EASY,0.3958,0.5277
215,1,EASY,0.5517,0.5292
216,1,EASY,0.5382,0.5287
217,1,EASY,0.4995,0.5278
218,1,EASY,0.3935,0.5231
219,1,EASY,0.6232,0.5258
220,1,EASY,0.4739,0.5228
221,1,EASY,0.5297,0.521
222,1,EASY,0.554,0.5209
223,1,EASY,0.3748,0.5159
224,1,EASY,0.4574,0.5144
225,1,EASY,0.5392,0.514
226,1,EASY,0.372,0.5108
227,1,EASY,0.5594,0.5119
228,1,EASY,0.542,0.5112
229,1,EASY,0.5536,0.5118
230,1,EASY,0.4142,0.509
231,1,EASY,0.5425,0.5064
232,1,EASY,0.5696,0.5083
233,1,EASY,0.5568,0.5079
234,1,EASY,0.5437,0.5096
235,1,EASY,0.3794,0.5067
236,1,EASY,0.4524,0.5063
237,1,EASY,0.476,0.5066
238,1,EASY,0.5578,0.5071
239,1,EASY,0.5473,0.5083
240,1,EASY,0.3946,0.505
241,1,EASY,0.4984,0.504
242,1,EASY,0.4671,0.5022
243,1,EASY,0.5483,0.5038
244,1,EASY,0.4127,0.5011
245,1,EASY,0.5504,0.5016
246,1,EASY,0.5713,0.5045
247,1,EASY,0.5472,0.5059
248,1,EASY,0.3862,0.5012
249,1,EASY,0.3851,0.5004
250,1,EASY,0.5528,0.4989
251,1,EASY,0.5386,0.4997
252,1,EASY,0.6226,0.5023
253,1,EASY,0.5505,0.5023
254,1,EASY,0.4614,0.5016
255,1,EASY,0.5648,0.5028
256,1,EASY,0.3977,0.5026
257,1,EASY,0.4261,0.4988
258,1,EASY,0.4912,0.4978
259,1,EASY,0.532,0.4976
260,1,EASY,0.5736,0.5012
261,1,EASY,0.4457,0.5006
262,1,EASY,0.5805,0.501
263,1,EASY,0.5243,0.5004
264,1,EASY,0.5242,0.503
265,1,EASY,0.4874,0.5017
266,1,EASY,0.5673,0.5023
267,1,EASY,0.5821,0.5039
268,1,EASY,0.576,0.5076
269,1,EASY,0.5671,0.5065
270,1,EASY,0.5294,0.5076
271,1,EASY,0.5411,0.5078
272,1,EASY,0.6183,0.5091
273,1,EASY,0.5223,0.512
274,1,EASY,0.3942,0.5108
275,1,EASY,0.5969,0.5119
276,1,EASY,0.5345,0.5152
277,1,EASY,0.5407,0.5148
278,1,EASY,0.5687,0.5153
279,1,EASY,0.5147,0.5146
280,1,EASY,0.6028,0.5183
281,1,EASY,0.3794,0.5151
282,1,EASY,0.2815,0.5093
283,1,EASY,0.4118,0.5064
284,1,EASY,0.5578,0.5067
285,1,EASY,0.5513,0.5101
286,1,EASY,0.4812,0.5107
287,1,EASY,0.4854,0.5109
288,1,EASY,0.5487,0.5107
289,1,EASY,0.6193,0.5122
290,1,EASY,0.4719,0.5137
291,1,EASY,0.5833,0.5154
292,1,EASY,0.5483,0.517
293,1,EASY,0.4701,0.5155
294,1,EASY,0.4741,0.5167
295,1,EASY,0.4057,0.5138
296,1,EASY,0.6147,0.5147
297,1,EASY,0.5378,0.5145
298,1,EASY,0.6178,0.5191
299,1,EASY,0.4279,0.52
300,1,EASY,0.5572,0.5201
301,1,EASY,0.4637,0.5186
302,1,EASY,0.6516,0.5191
303,1,EASY,0.4879,0.5179
304,1,EASY,0.4085,0.5168
305,1,EASY,0.4846,0.5152
306,1,EASY,0.4156,0.5156
307,1,EASY,0.5408,0.5179
308,1,EASY,0.4629,0.5173
309,1,EASY,0.4845,0.5164
310,1,EASY,0.5445,0.5158
311,1,EASY,0.5301,0.5175
312,1,EASY,0.4699,0.5152
313,1,EASY,0.551,0.5158
314,1,EASY,0.2965,0.5112
315,1,EASY,0.4889,0.5113
316,1,EASY,0.495,0.5098
317,1,EASY,0.5605,0.5094
318,1,EASY,0.5478,0.5088
319,1,EASY,0.5741,0.5089
320,1,EASY,0.5631,0.5096
321,1,EASY,0.406,0.5069
322,1,EASY,0.5265,0.5051
323,1,EASY,0.3734,0.5021
324,1,EASY,0.5533,0.5053
325,1,EASY,0.5659,0.5047
326,1,EASY,0.3978,0.5019
327,1,EASY,0.575,0.5026
328,1,EASY,0.4317,0.4999
329,1,EASY,0.5373,0.5003
330,1,EASY,0.5675,0.4996
331,1,EASY,0.65,0.505
332,1,EASY,0.5581,0.5106
333,1,EASY,0.5296,0.5129
334,1,EASY,0.4925,0.5116
335,1,EASY,0.2597,0.5058
336,1,EASY,0.2985,0.5021
337,1,EASY,0.6518,0.5055
338,1,EASY,0.4337,0.5032
339,1,EASY,0.2837,0.4964
340,1,EASY,0.5436,0.4979
341,1,EASY,0.4764,0.4957
342,1,EASY,0.331,0.4914
343,1,EASY,0.3906,0.4898
344,1,EASY,0.5389,0.4911
345,1,EASY,0.5092,0.4932
346,1,EASY,0.5509,0.4919
347,1,EASY,0.5561,0.4923
348,1,EASY,0.4066,0.488
349,1,EASY,0.2882,0.4852
350,1,EASY,0.4075,0.4822
351,1,EASY,0.4002,0.481
352,1,EASY,0.3833,0.4756
353,1,EASY,0.6304,0.4785
354,1,EASY,0.4248,0.4788
355,1,EASY,0.5385,0.4799
356,1,EASY,0.5338,0.4822
357,1,EASY,0.5314,0.482
358,1,EASY,0.5496,0.4838
359,1,EASY,0.2511,0.4791
360,1,EASY,0.6524,0.4813
361,1,EASY,0.3977,0.4786
362,1,EASY,0.489,0.479
363,1,EASY,0.5534,0.479
364,1,EASY,0.6205,0.4855
365,1,EASY,0.3769,0.4833
366,1,EASY,0.5438,0.4843
367,1,EASY,0.5555,0.4842
368,1,EASY,0.5657,0.4845
369,1,EASY,0.6536,0.4861
370,1,EASY,0.5633,0.4861
371,1,EASY,0.5959,0.4899
372,1,EASY,0.5939,0.4913
373,1,EASY,0.5447,0.4947
374,1,EASY,0.5692,0.495
375,1,EASY,0.5681,0.495
376,1,EASY,0.533,0.4978
377,1,EASY,0.5545,0.4973
378,1,EASY,0.5608,0.4999
379,1,EASY,0.5275,0.4997
380,1,EASY,0.4063,0.4965
381,1,EASY,0.5584,0.4947
382,1,EASY,0.3961,0.4914
383,1,EASY,0.5498,0.4918
384,1,EASY,0.5791,0.4936
385,1,EASY,0.5613,0.4996
386,1,EASY,0.4316,0.5023
387,1,EASY,0.5148,0.4995
388,1,EASY,0.4509,0.4999
389,1,EASY,0.4063,0.5023
390,1,EASY,0.5263,0.502
391,1,EASY,0.4801,0.502
392,1,EASY,0.5553,0.5065
393,1,EASY,0.4768,0.5083
394,1,EASY,0.3978,0.5054
395,1,EASY,0.5508,0.5063
396,1,EASY,0.5385,0.506
397,1,EASY,0.4219,0.5033
398,1,EASY,0.5429,0.5061
399,1,EASY,0.4903,0.5101
400,1,EASY,0.5678,0.5133
401,1,EASY,0.396,0.5132
402,1,EASY,0.556,0.5167
403,1,EASY,0.5469,0.515
404,1,EASY,0.4951,0.5164
405,1,EASY,0.3255,0.5122
406,1,EASY,0.3761,0.509
407,1,EASY,0.5493,0.5094
408,1,EASY,0.4992,0.5083
409,1,EASY,0.5458,0.5142
410,1,EASY,0.5507,0.5122
411,1,EASY,0.5453,0.5152
412,1,EASY,0.5588,0.5166
413,1,EASY,0.564,0.5168
414,1,EASY,0.5629,0.5156
415,1,EASY,0.6016,0.5201
416,1,EASY,0.621,0.5217
417,1,EASY,0.5888,0.5223
418,1,EASY,0.4583,0.5202
419,1,EASY,0.5271,0.5176
420,1,EASY,0.5434,0.5172
421,1,EASY,0.5044,0.5154
422,1,EASY,0.4213,0.512
423,1,EASY,0.6422,0.5139
424,1,EASY,0.517,0.5129
425,1,EASY,0.5466,0.5124
426,1,EASY,0.6232,0.5142
427,1,EASY,0.326,0.5097
428,1,EASY,0.2857,0.5042
429,1,EASY,0.4232,0.5021
430,1,EASY,0.3924,0.5018
431,1,EASY,0.4816,0.5003
432,1,EASY,0.6177,0.5047
433,1,EASY,0.5471,0.5047
434,1,EASY,0.5728,0.5045
435,1,EASY,0.5661,0.5046
436,1,EASY,0.5244,0.5065
437,1,EASY,0.5303,0.5068
438,1,EASY,0.4058,0.5059
439,1,EASY,0.4137,0.506
440,1,EASY,0.4964,0.5054
441,1,EASY,0.5559,0.507
442,1,EASY,0.5557,0.507
443,1,EASY,0.3806,0.505
444,1,EASY,0.3336,0.5038
445,1,EASY,0.4772,0.5023
446,1,EASY,0.576,0.503
447,1,EASY,0.5555,0.5057
448,1,EASY,0.4748,0.5043
449,1,EASY,0.5397,0.5053
450,1,EASY,0.5573,0.5051
451,1,EASY,0.574,0.5087
452,1,EASY,0.571,0.509
453,1,EASY,0.5536,0.5091
454,1,EASY,0.4046,0.5073
455,1,EASY,0.5511,0.5118
456,1,EASY,0.5525,0.5153
457,1,EASY,0.5798,0.516
458,1,EASY,0.558,0.5171
459,1,EASY,0.4889,0.516
460,1,EASY,0.5496,0.516
461,1,EASY,0.4462,0.514
462,1,EASY,0.5573,0.514
463,1,EASY,0.5803,0.5143
464,1,EASY,0.5503,0.514
465,1,EASY,0.4359,0.5107
466,1,EASY,0.277,0.5038
467,1,EASY,0.396,0.5
468,1,EASY,0.6206,0.5032
469,1,EASY,0.5551,0.5038
470,1,EASY,0.4929,0.5028
471,1,EASY,0.5999,0.5047
472,1,EASY,0.4008,0.5043
473,1,EASY,0.5955,0.5033
474,1,EASY,0.383,0.5007
475,1,EASY,0.5547,0.5008
476,1,EASY,0.5273,0.4989
477,1,EASY,0.5496,0.5034
478,1,EASY,0.5541,0.5088
479,1,EASY,0.5426,0.5111
480,1,EASY,0.5073,0.5134
481,1,EASY,0.4914,0.5136
482,1,EASY,0.5555,0.5124
483,1,EASY,0.525,0.5119
484,1,EASY,0.4185,0.5089
485,1,EASY,0.5037,0.5076
486,1,EASY,0.3927,0.505
487,1,EASY,0.5187,0.5047
488,1,EASY,0.5588,0.5078
489,1,EASY,0.5448,0.5104
490,1,EASY,0.5215,0.5109
491,1,EASY,0.5144,0.5101
492,1,EASY,0.5186,0.5094
493,1,EASY,0.5776,0.5133
494,1,EASY,0.5623,0.5179
495,1,EASY,0.5717,0.5198
496,1,EASY,0.481,0.5179
497,1,EASY,0.5584,0.5179
498,1,EASY,0.5172,0.5188
499,1,EASY,0.572,0.5194
500,1,EASY,0.5297,0.5189
501,1,EASY,0.6465,0.5203
502,1,EASY,0.5432,0.5198
503,1,EASY,0.5698,0.5201
504,1,EASY,0.5812,0.5236
505,1,EASY,0.563,0.5239
506,1,EASY,0.5584,0.524
507,1,EASY,0.5739,0.5239
508,1,EASY,0.5672,0.524
509,1,EASY,0.4778,0.5238
510,1,EASY,0.5562,0.5239
511,1,EASY,0.5737,0.5265
512,1,EASY,0.4281,0.5239
513,1,EASY,0.3327,0.519
514,1,EASY,0.5711,0.5194
515,1,EASY,0.3737,0.5181
516,1,EASY,0.5548,0.5237
517,1,EASY,0.6146,0.5281
518,1,EASY,0.6166,0.528
519,1,EASY,0.5833,0.5285
520,1,EASY,0.6558,0.5318
521,1,EASY,0.5388,0.5306
522,1,EASY,0.5788,0.5341
523,1,EASY,0.4832,0.5319
524,1,EASY,0.3771,0.5318
525,1,EASY,0.6071,0.5328
526,1,EASY,0.5356,0.533
527,1,EASY,0.4629,0.5313
528,1,EASY,0.5607,0.5314
529,1,EASY,0.5682,0.5319
530,1,EASY,0.5536,0.5328
531,1,EASY,0.647,0.5359
532,1,EASY,0.5627,0.5361
533,1,EASY,0.5465,0.5365
534,1,EASY,0.532,0.5388
535,1,EASY,0.5958,0.5406
536,1,EASY,0.3423,0.5396
537,1,EASY,0.4978,0.5392
538,1,EASY,0.5626,0.5393
539,1,EASY,0.5786,0.54
540,1,EASY,0.5627,0.5408
541,1,EASY,0.5448,0.5414
542,1,EASY,0.5627,0.5423
543,1,EASY,0.3468,0.5376
544,1,EASY,0.358,0.5336
545,1,EASY,0.5502,0.5331
546,1,EASY,0.5485,0.5345
547,1,EASY,0.5413,0.5341
548,1,EASY,0.6451,0.5367
549,1,EASY,0.5759,0.5368
550,1,EASY,0.5629,0.5374
551,1,EASY,0.527,0.5351
552,1,EASY,0.66,0.5374
553,1,EASY,0.5988,0.538
554,1,EASY,0.5639,0.5376
555,1,EASY,0.6361,0.5391
556,1,EASY,0.5371,0.5387
557,1,EASY,0.5342,0.5379
558,1,EASY,0.5513,0.5375
559,1,EASY,0.5699,0.5394
560,1,EASY,0.5824,0.5399
561,1,EASY,0.5425,0.5393
562,1,EASY,0.5514,0.5418
563,1,EASY,0.5316,0.5457
564,1,EASY,0.5324,0.545
565,1,EASY,0.5775,0.549
566,1,EASY,0.589,0.5497
567,1,EASY,0.5778,0.549
568,1,EASY,0.5256,0.5472
569,1,EASY,0.4813,0.5451
570,1,EASY,0.5652,0.5433
571,1,EASY,0.4075,0.5407
572,1,EASY,0.5466,0.54
573,1,EASY,0.4126,0.5386
574,1,EASY,0.4764,0.5406
575,1,EASY,0.5469,0.5394
576,1,EASY,0.5396,0.5395
577,1,EASY,0.5191,0.5406
578,1,EASY,0.4122,0.5376
579,1,EASY,0.5458,0.5372
580,1,EASY,0.4375,0.5349
581,1,EASY,0.4929,0.5318
582,1,EASY,0.5614,0.5318
583,1,EASY,0.5545,0.5319
584,1,EASY,0.5828,0.5329
585,1,EASY,0.5357,0.5317
586,1,EASY,0.5253,0.5354
587,1,EASY,0.4944,0.5353
588,1,EASY,0.3708,0.5315
589,1,EASY,0.5892,0.5317
590,1,EASY,0.5905,0.5323
591,1,EASY,0.4162,0.5297
592,1,EASY,0.6697,0.5318
593,1,EASY,0.5863,0.5366
594,1,EASY,0.549,0.5404
595,1,EASY,0.5533,0.5405
596,1,EASY,0.3805,0.5371
597,1,EASY,0.6178,0.5387
598,1,EASY,0.5895,0.5376
599,1,EASY,0.6265,0.5386
600,1,EASY,0.379,0.5349
601,1,EASY,0.5734,0.5358
602,1,EASY,0.5402,0.5334
603,1,EASY,0.5473,0.5324
604,1,EASY,0.458,0.5303
605,1,EASY,0.5452,0.5285
606,1,EASY,0.5707,0.5291
607,1,EASY,0.5272,0.529
608,1,EASY,0.5674,0.5293
609,1,EASY,0.46,0.5271
610,1,EASY,0.5327,0.5261
611,1,EASY,0.5482,0.5262
612,1,EASY,0.6309,0.5278
613,1,EASY,0.5312,0.5278
614,1,EASY,0.5962,0.5291
615,1,EASY,0.5578,0.5287
616,1,EASY,0.5458,0.5278
617,1,EASY,0.4099,0.5245
618,1,EASY,0.5518,0.525
619,1,EASY,0.5647,0.5267
620,1,EASY,0.2443,0.5202
621,1,EASY,0.5289,0.5227
622,1,EASY,0.5684,0.5231
623,1,EASY,0.5843,0.5265
624,1,EASY,0.5566,0.5282
625,1,EASY,0.6583,0.5304
626,1,EASY,0.5272,0.5301
627,1,EASY,0.5863,0.5315
628,1,EASY,0.4344,0.5319
629,1,EASY,0.5587,0.5322
630,1,EASY,0.401,0.5315
631,1,EASY,0.5626,0.5328
632,1,EASY,0.5048,0.5317
633,1,EASY,0.5273,0.5312
634,1,EASY,0.3344,0.5262
635,1,EASY,0.5485,0.5265
636,1,EASY,0.5595,0.5271
637,1,EASY,0.5514,0.5283
638,1,EASY,0.5877,0.5326
639,1,EASY,0.5078,0.531
640,1,EASY,0.5091,0.5294
641,1,EASY,0.5558,0.5322
642,1,EASY,0.5608,0.53
643,1,EASY,0.4815,0.5279
644,1,EASY,0.6452,0.5298
645,1,EASY,0.5288,0.5293
646,1,EASY,0.4203,0.5301
647,1,EASY,0.488,0.5275
648,1,EASY,0.5705,0.5271
649,1,EASY,0.4877,0.5244
650,1,EASY,0.4948,0.5267
651,1,EASY,0.3978,0.5232
652,1,EASY,0.3326,0.519
653,1,EASY,0.5348,0.5188
654,1,EASY,0.5861,0.5213
655,1,EASY,0.639,0.5232
656,1,EASY,0.563,0.523
657,1,EASY,0.6144,0.5248
658,1,EASY,0.5721,0.5249
659,1,EASY,0.554,0.5268
660,1,EASY,0.5409,0.5269
661,1,EASY,0.6365,0.5287
662,1,EASY,0.512,0.5263
663,1,EASY,0.5421,0.5265
664,1,EASY,0.3998,0.5226
665,1,EASY,0.5812,0.5231
666,1,EASY,0.5759,0.5237
667,1,EASY,0.564,0.5268
668,1,EASY,0.5481,0.5267
669,1,EASY,0.2451,0.5203
670,1,EASY,0.5029,0.5255
671,1,EASY,0.5028,0.5249
672,1,EASY,0.563,0.5248
673,1,EASY,0.5596,0.5243
674,1,EASY,0.6212,0.5256
675,1,EASY,0.6384,0.5252
676,1,EASY,0.6289,0.5273
677,1,EASY,0.5649,0.5268
678,1,EASY,0.5703,0.5296
679,1,EASY,0.5562,0.5295
680,1,EASY,0.5504,0.5325
681,1,EASY,0.5532,0.5323
682,1,EASY,0.5271,0.5327
683,1,EASY,0.5598,0.5334
684,1,EASY,0.3175,0.5331
685,1,EASY,0.5763,0.5336
686,1,EASY,0.6206,0.5348
687,1,EASY,0.5038,0.5339
688,1,EASY,0.5312,0.5328
689,1,EASY,0.6403,0.5354
690,1,EASY,0.6252,0.5377
691,1,EASY,0.4941,0.5365
692,1,EASY,0.5421,0.5361
693,1,EASY,0.5908,0.5383
694,1,EASY,0.5626,0.5367
695,1,EASY,0.5646,0.5374
696,1,EASY,0.5268,0.5395
697,1,EASY,0.5652,0.541
698,1,EASY,0.6531,0.5427
699,1,EASY,0.5792,0.5445
700,1,EASY,0.4046,0.5427
701,1,EASY,0.4986,0.5447
702,1,EASY,0.4025,0.5461
703,1,EASY,0.4064,0.5436
704,1,EASY,0.5722,0.5433
705,1,EASY,0.5498,0.5415
706,1,EASY,0.6158,0.5426
707,1,EASY,0.5543,0.5414
708,1,EASY,0.57,0.5413
709,1,EASY,0.6418,0.5431
710,1,EASY,0.5946,0.5442
711,1,EASY,0.6415,0.5443
712,1,EASY,0.5422,0.5449
713,1,EASY,0.6227,0.5465
714,1,EASY,0.5341,0.5492
715,1,EASY,0.5497,0.5485
716,1,EASY,0.5541,0.5481
717,1,EASY,0.4349,0.5455
718,1,EASY,0.5552,0.5457
719,1,EASY,0.552,0.5518
720,1,EASY,0.555,0.5528
721,1,EASY,0.6049,0.5549
722,1,EASY,0.6087,0.5558
723,1,EASY,0.5429,0.5555
724,1,EASY,0.6269,0.5556
725,1,EASY,0.5315,0.5534
726,1,EASY,0.5681,0.5522
727,1,EASY,0.5927,0.5528
728,1,EASY,0.5321,0.552
729,1,EASY,0.5489,0.5519
730,1,EASY,0.5507,0.5519
731,1,EASY,0.5524,0.5518
732,1,EASY,0.502,0.5513
733,1,EASY,0.5759,0.5517
734,1,EASY,0.5765,0.5568
735,1,EASY,0.5394,0.5561
736,1,EASY,0.5662,0.555
737,1,EASY,0.5542,0.556
738,1,EASY,0.5842,0.5571
739,1,EASY,0.5697,0.5557
740,1,EASY,0.5633,0.5544
741,1,EASY,0.5308,0.5552
742,1,EASY,0.526,0.5548
743,1,EASY,0.573,0.5545
744,1,EASY,0.5296,0.5538
745,1,EASY,0.3364,0.5493
746,1,EASY,0.3976,0.5467
747,1,EASY,0.5041,0.5455
748,1,EASY,0.5415,0.5432
749,1,EASY,0.5621,0.5429
750,1,EASY,0.5457,0.5457
751,1,EASY,0.5372,0.5465
752,1,EASY,0.5527,0.5495
753,1,EASY,0.561,0.5526
754,1,EASY,0.6171,0.5535
755,1,EASY,0.5654,0.5538
756,1,EASY,0.6436,0.5543
757,1,EASY,0.5847,0.5549
758,1,EASY,0.5824,0.5552
759,1,EASY,0.5516,0.5534
760,1,EASY,0.5514,0.5525
761,1,EASY,0.5723,0.5511
762,1,EASY,0.5956,0.5522
763,1,EASY,0.5802,0.5514
764,1,EASY,0.5431,0.5515
765,1,EASY,0.3788,0.5481
766,1,EASY,0.4826,0.5467
767,1,EASY,0.4773,0.5475
768,1,EASY,0.5738,0.5479
769,1,EASY,0.5518,0.5479
770,1,EASY,0.5656,0.5481
771,1,EASY,0.3011,0.542
772,1,EASY,0.5972,0.5418
773,1,EASY,0.4197,0.5393
774,1,EASY,0.4202,0.5352
775,1,EASY,0.5378,0.5353
776,1,EASY,0.5711,0.5354
777,1,EASY,0.572,0.535
778,1,EASY,0.5675,0.5357
779,1,EASY,0.5472,0.5357
780,1,EASY,0.6427,0.5375
781,1,EASY,0.6453,0.5394
782,1,EASY,0.4358,0.538
783,1,EASY,0.5536,0.5376
784,1,EASY,0.5913,0.5379
785,1,EASY,0.6493,0.5401
786,1,EASY,0.6448,0.5417
787,1,EASY,0.3588,0.5377
788,1,EASY,0.5933,0.5379
789,1,EASY,0.3441,0.5334
790,1,EASY,0.3823,0.5298
791,1,EASY,0.5385,0.53
792,1,EASY,0.5575,0.5306
793,1,EASY,0.5262,0.5296
794,1,EASY,0.5839,0.5307
795,1,EASY,0.6677,0.5374
796,1,EASY,0.616,0.5417
797,1,EASY,0.5451,0.5425
798,1,EASY,0.5412,0.5425
799,1,EASY,0.4988,0.5413
800,1,EASY,0.5324,0.541
801,2,MEDIUM,0.5549,0.5549
802,2,MEDIUM,0.5629,0.5589
803,2,MEDIUM,0.405,0.5076
804,2,MEDIUM,0.5517,0.5186
805,2,MEDIUM,0.5038,0.5156
806,2,MEDIUM,0.5486,0.5211
807,2,MEDIUM,0.5582,0.5264
808,2,MEDIUM,0.5606,0.5307
809,2,MEDIUM,0.5742,0.5355
810,2,MEDIUM,0.6462,0.5466
811,2,MEDIUM,0.5412,0.5461
812,2,MEDIUM,0.5792,0.5489
813,2,MEDIUM,0.6596,0.5574
814,2,MEDIUM,0.5527,0.5571
815,2,MEDIUM,0.5581,0.5571
816,2,MEDIUM,0.5518,0.5568
817,2,MEDIUM,0.5851,0.5585
818,2,MEDIUM,0.5408,0.5575
819,2,MEDIUM,0.5879,0.5591
820,2,MEDIUM,0.5457,0.5584
821,2,MEDIUM,0.4883,0.5551
822,2,MEDIUM,0.5533,0.555
823,2,MEDIUM,0.5457,0.5546
824,2,MEDIUM,0.551,0.5544
825,2,MEDIUM,0.5445,0.554
826,2,MEDIUM,0.6156,0.5564
827,2,MEDIUM,0.5771,0.5572
828,2,MEDIUM,0.5585,0.5572
829,2,MEDIUM,0.5644,0.5575
830,2,MEDIUM,0.5662,0.5578
831,2,MEDIUM,0.405,0.5528
832,2,MEDIUM,0.5518,0.5528
833,2,MEDIUM,0.399,0.5481
834,2,MEDIUM,0.4064,0.544
835,2,MEDIUM,0.5474,0.5441
836,2,MEDIUM,0.5644,0.5446
837,2,MEDIUM,0.3838,0.5403
838,2,MEDIUM,0.5706,0.5411
839,2,MEDIUM,0.5651,0.5417
840,2,MEDIUM,0.526,0.5413
841,2,MEDIUM,0.6037,0.5428
842,2,MEDIUM,0.5762,0.5436
843,2,MEDIUM,0.5743,0.5443
844,2,MEDIUM,0.6365,0.5464
845,2,MEDIUM,0.6388,0.5485
846,2,MEDIUM,0.57,0.549
847,2,MEDIUM,0.5184,0.5483
848,2,MEDIUM,0.5685,0.5487
849,2,MEDIUM,0.5183,0.5481
850,2,MEDIUM,0.5488,0.5481
851,2,MEDIUM,0.5555,0.5481
852,2,MEDIUM,0.5556,0.548
853,2,MEDIUM,0.5429,0.5507
854,2,MEDIUM,0.5739,0.5512
855,2,MEDIUM,0.5655,0.5524
856,2,MEDIUM,0.5501,0.5524
857,2,MEDIUM,0.5729,0.5527
858,2,MEDIUM,0.579,0.5531
859,2,MEDIUM,0.5508,0.5526
860,2,MEDIUM,0.5616,0.551
861,2,MEDIUM,0.5273,0.5507
862,2,MEDIUM,0.6407,0.5519
863,2,MEDIUM,0.5802,0.5503
864,2,MEDIUM,0.6008,0.5513
865,2,MEDIUM,0.5308,0.5507
866,2,MEDIUM,0.5751,0.5512
867,2,MEDIUM,0.5537,0.5506
868,2,MEDIUM,0.5511,0.5508
869,2,MEDIUM,0.494,0.5489
870,2,MEDIUM,0.5632,0.5492
871,2,MEDIUM,0.5755,0.551
872,2,MEDIUM,0.4961,0.5498
873,2,MEDIUM,0.569,0.5503
874,2,MEDIUM,0.5725,0.5507
875,2,MEDIUM,0.6651,0.5532
876,2,MEDIUM,0.5347,0.5515
877,2,MEDIUM,0.552,0.551
878,2,MEDIUM,0.5925,0.5517
879,2,MEDIUM,0.5523,0.5515
880,2,MEDIUM,0.5612,0.5514
881,2,MEDIUM,0.6185,0.5556
882,2,MEDIUM,0.5542,0.5557
883,2,MEDIUM,0.5704,0.5591
884,2,MEDIUM,0.5601,0.5622
885,2,MEDIUM,0.545,0.5621
886,2,MEDIUM,0.5428,0.5617
887,2,MEDIUM,0.5626,0.5653
888,2,MEDIUM,0.5817,0.5655
889,2,MEDIUM,0.6589,0.5674
890,2,MEDIUM,0.4032,0.5649
891,2,MEDIUM,0.5326,0.5635
892,2,MEDIUM,0.2833,0.5576
893,2,MEDIUM,0.6288,0.5587
894,2,MEDIUM,0.5664,0.5573
895,2,MEDIUM,0.5634,0.5558
896,2,MEDIUM,0.6411,0.5572
897,2,MEDIUM,0.5627,0.5581
898,2,MEDIUM,0.5724,0.5582
899,2,MEDIUM,0.5487,0.5588
900,2,MEDIUM,0.5546,0.5589
901,2,MEDIUM,0.5148,0.5581
902,2,MEDIUM,0.5451,0.5579
903,2,MEDIUM,0.5225,0.5575
904,2,MEDIUM,0.5244,0.5565
905,2,MEDIUM,0.404,0.5533
906,2,MEDIUM,0.5833,0.5539
907,2,MEDIUM,0.574,0.554
908,2,MEDIUM,0.5361,0.5531
909,2,MEDIUM,0.658,0.5553
910,2,MEDIUM,0.4115,0.5522
911,2,MEDIUM,0.5224,0.5522
912,2,MEDIUM,0.5021,0.5494
913,2,MEDIUM,0.5631,0.549
914,2,MEDIUM,0.3283,0.5436
915,2,MEDIUM,0.5705,0.5444
916,2,MEDIUM,0.5528,0.5439
917,2,MEDIUM,0.562,0.5441
918,2,MEDIUM,0.5665,0.5444
919,2,MEDIUM,0.5655,0.5458
920,2,MEDIUM,0.5514,0.5456
921,2,MEDIUM,0.5504,0.5451
922,2,MEDIUM,0.5443,0.5461
923,2,MEDIUM,0.5476,0.5456
924,2,MEDIUM,0.5155,0.5445
925,2,MEDIUM,0.5623,0.5424
926,2,MEDIUM,0.5589,0.5429
927,2,MEDIUM,0.6542,0.545
928,2,MEDIUM,0.4114,0.5413
929,2,MEDIUM,0.5445,0.5412
930,2,MEDIUM,0.6008,0.542
931,2,MEDIUM,0.5441,0.5405
932,2,MEDIUM,0.5312,0.54
933,2,MEDIUM,0.5686,0.54
934,2,MEDIUM,0.5792,0.5404
935,2,MEDIUM,0.5605,0.5407
936,2,MEDIUM,0.5573,0.541
937,2,MEDIUM,0.6047,0.5418
938,2,MEDIUM,0.5487,0.5412
939,2,MEDIUM,0.554,0.5391
940,2,MEDIUM,0.5504,0.542
941,2,MEDIUM,0.55,0.5424
942,2,MEDIUM,0.5815,0.5483
943,2,MEDIUM,0.5612,0.547
944,2,MEDIUM,0.5381,0.5464
945,2,MEDIUM,0.5355,0.5458
946,2,MEDIUM,0.5592,0.5442
947,2,MEDIUM,0.5326,0.5436
948,2,MEDIUM,0.5671,0.5435
949,2,MEDIUM,0.5653,0.5438
950,2,MEDIUM,0.5406,0.5436
951,2,MEDIUM,0.5509,0.5443
952,2,MEDIUM,0.6275,0.5459
953,2,MEDIUM,0.5437,0.5464
954,2,MEDIUM,0.5684,0.5472
955,2,MEDIUM,0.5556,0.5503
956,2,MEDIUM,0.558,0.5498
957,2,MEDIUM,0.4782,0.5478
958,2,MEDIUM,0.6514,0.5502
959,2,MEDIUM,0.4849,0.5467
960,2,MEDIUM,0.6307,0.5511
961,2,MEDIUM,0.5048,0.5507
962,2,MEDIUM,0.5567,0.5518
963,2,MEDIUM,0.5498,0.5515
964,2,MEDIUM,0.6327,0.5576
965,2,MEDIUM,0.5112,0.5564
966,2,MEDIUM,0.5277,0.5559
967,2,MEDIUM,0.5263,0.5552
968,2,MEDIUM,0.4871,0.5536
969,2,MEDIUM,0.5757,0.5538
970,2,MEDIUM,0.5819,0.5545
971,2,MEDIUM,0.5633,0.5547
972,2,MEDIUM,0.5925,0.5557
973,2,MEDIUM,0.5531,0.5558
974,2,MEDIUM,0.5618,0.5567
975,2,MEDIUM,0.5562,0.5566
976,2,MEDIUM,0.3844,0.5531
977,2,MEDIUM,0.6403,0.5528
978,2,MEDIUM,0.5559,0.5557
979,2,MEDIUM,0.5755,0.5563
980,2,MEDIUM,0.5715,0.5558
981,2,MEDIUM,0.6418,0.5577
982,2,MEDIUM,0.5513,0.5581
983,2,MEDIUM,0.5063,0.5569
984,2,MEDIUM,0.5821,0.5569
985,2,MEDIUM,0.5696,0.5571
986,2,MEDIUM,0.564,0.5572
987,2,MEDIUM,0.5827,0.5568
988,2,MEDIUM,0.5561,0.5569
989,2,MEDIUM,0.572,0.5573
990,2,MEDIUM,0.5726,0.5578
991,2,MEDIUM,0.5779,0.5583
992,2,MEDIUM,0.6712,0.5601
993,2,MEDIUM,0.5409,0.5597
994,2,MEDIUM,0.5819,0.5606
995,2,MEDIUM,0.5388,0.5606
996,2,MEDIUM,0.5604,0.5607
997,2,MEDIUM,0.5786,0.5616
998,2,MEDIUM,0.5709,0.5617
999,2,MEDIUM,0.5703,0.5618
1000,2,MEDIUM,0.585,0.5626
1001,2,MEDIUM,0.5582,0.5628
1002,2,MEDIUM,0.5521,0.5613
1003,2,MEDIUM,0.5639,0.5617
1004,2,MEDIUM,0.5659,0.5616
1005,2,MEDIUM,0.3425,0.5574
1006,2,MEDIUM,0.3944,0.5541
1007,2,MEDIUM,0.5076,0.5547
1008,2,MEDIUM,0.4055,0.5498
1009,2,MEDIUM,0.549,0.5511
1010,2,MEDIUM,0.5427,0.5493
1011,2,MEDIUM,0.5586,0.5504
1012,2,MEDIUM,0.5708,0.5506
1013,2,MEDIUM,0.556,0.5508
1014,2,MEDIUM,0.5452,0.549
1015,2,MEDIUM,0.5782,0.5504
1016,2,MEDIUM,0.5485,0.5508
1017,2,MEDIUM,0.6437,0.5531
1018,2,MEDIUM,0.5686,0.5548
1019,2,MEDIUM,0.5662,0.5546
1020,2,MEDIUM,0.5534,0.554
1021,2,MEDIUM,0.5469,0.5537
1022,2,MEDIUM,0.5913,0.5536
1023,2,MEDIUM,0.587,0.5543
1024,2,MEDIUM,0.5566,0.5542
1025,2,MEDIUM,0.4977,0.553
1026,2,MEDIUM,0.5599,0.5566
1027,2,MEDIUM,0.5524,0.5548
1028,2,MEDIUM,0.5754,0.5552
1029,2,MEDIUM,0.5663,0.555
1030,2,MEDIUM,0.4995,0.5536
1031,2,MEDIUM,0.5555,0.5518
1032,2,MEDIUM,0.5326,0.5515
1033,2,MEDIUM,0.5316,0.552
1034,2,MEDIUM,0.5452,0.5512
1035,2,MEDIUM,0.5696,0.5512
1036,2,MEDIUM,0.5641,0.5512
1037,2,MEDIUM,0.3791,0.5472
1038,2,MEDIUM,0.5854,0.5478
1039,2,MEDIUM,0.561,0.5475
1040,2,MEDIUM,0.5625,0.5473
1041,2,MEDIUM,0.5226,0.5462
1042,2,MEDIUM,0.5822,0.5444
1043,2,MEDIUM,0.5385,0.5444
1044,2,MEDIUM,0.5592,0.5439
1045,2,MEDIUM,0.4276,0.5417
1046,2,MEDIUM,0.5826,0.5422
1047,2,MEDIUM,0.547,0.5415
1048,2,MEDIUM,0.5626,0.5414
1049,2,MEDIUM,0.5471,0.5409
1050,2,MEDIUM,0.5355,0.5399
1051,2,MEDIUM,0.6242,0.5412
1052,2,MEDIUM,0.5623,0.5414
1053,2,MEDIUM,0.62,0.5426
1054,2,MEDIUM,0.5479,0.5422
1055,2,MEDIUM,0.5824,0.547
1056,2,MEDIUM,0.5469,0.55
1057,2,MEDIUM,0.6041,0.552
1058,2,MEDIUM,0.5075,0.554
1059,2,MEDIUM,0.6433,0.5559
1060,2,MEDIUM,0.5703,0.5565
1061,2,MEDIUM,0.6305,0.5579
1062,2,MEDIUM,0.6529,0.5595
1063,2,MEDIUM,0.542,0.5593
1064,2,MEDIUM,0.5576,0.5595
1065,2,MEDIUM,0.5605,0.5591
1066,2,MEDIUM,0.5598,0.5594
1067,2,MEDIUM,0.5988,0.5585
1068,2,MEDIUM,0.5766,0.5586
1069,2,MEDIUM,0.5706,0.5587
1070,2,MEDIUM,0.5836,0.5593
1071,2,MEDIUM,0.5219,0.5588
1072,2,MEDIUM,0.5646,0.5583
1073,2,MEDIUM,0.5186,0.5569
1074,2,MEDIUM,0.5595,0.557
1075,2,MEDIUM,0.5195,0.5574
1076,2,MEDIUM,0.5039,0.5563
1077,2,MEDIUM,0.5515,0.5563
1078,2,MEDIUM,0.5568,0.5559
1079,2,MEDIUM,0.5452,0.5555
1080,2,MEDIUM,0.5519,0.5565
1081,2,MEDIUM,0.552,0.5565
1082,2,MEDIUM,0.5798,0.5574
1083,2,MEDIUM,0.4169,0.5551
1084,2,MEDIUM,0.3042,0.5503
1085,2,MEDIUM,0.6525,0.552
1086,2,MEDIUM,0.5549,0.5518
1087,2,MEDIUM,0.5569,0.5553
1088,2,MEDIUM,0.5401,0.5544
1089,2,MEDIUM,0.5715,0.5546
1090,2,MEDIUM,0.5748,0.5549
1091,2,MEDIUM,0.5942,0.5563
1092,2,MEDIUM,0.5742,0.5561
1093,2,MEDIUM,0.5636,0.5566
1094,2,MEDIUM,0.5622,0.5567
1095,2,MEDIUM,0.5299,0.5588
1096,2,MEDIUM,0.5282,0.5577
1097,2,MEDIUM,0.5632,0.558
1098,2,MEDIUM,0.5665,0.5581
1099,2,MEDIUM,0.574,0.5586
1100,2,MEDIUM,0.5272,0.5584
1101,2,MEDIUM,0.5933,0.5578
1102,2,MEDIUM,0.5764,0.5581
1103,2,MEDIUM,0.5653,0.557
1104,2,MEDIUM,0.5479,0.557
1105,2,MEDIUM,0.5722,0.5568
1106,2,MEDIUM,0.5727,0.5573
1107,2,MEDIUM,0.565,0.5565
1108,2,MEDIUM,0.5583,0.5576
1109,2,MEDIUM,0.531,0.5553
1110,2,MEDIUM,0.5913,0.5557
1111,2,MEDIUM,0.5682,0.5545
1112,2,MEDIUM,0.5315,0.5521
1113,2,MEDIUM,0.5513,0.5522
1114,2,MEDIUM,0.5695,0.5525
1115,2,MEDIUM,0.5682,0.5526
1116,2,MEDIUM,0.573,0.5529
1117,2,MEDIUM,0.5451,0.5518
1118,2,MEDIUM,0.5557,0.5514
1119,2,MEDIUM,0.5747,0.5515
1120,2,MEDIUM,0.5785,0.5514
1121,2,MEDIUM,0.5612,0.5522
1122,2,MEDIUM,0.5705,0.5523
1123,2,MEDIUM,0.6,0.5539
1124,2,MEDIUM,0.5813,0.5544
1125,2,MEDIUM,0.6461,0.5569
1126,2,MEDIUM,0.5597,0.558
1127,2,MEDIUM,0.563,0.5582
1128,2,MEDIUM,0.5529,0.5582
1129,2,MEDIUM,0.5526,0.5583
1130,2,MEDIUM,0.5245,0.5578
1131,2,MEDIUM,0.5547,0.5578
1132,2,MEDIUM,0.526,0.5567
1133,2,MEDIUM,0.6519,0.5614
1134,2,MEDIUM,0.3903,0.5632
1135,2,MEDIUM,0.5564,0.5612
1136,2,MEDIUM,0.4796,0.5597
1137,2,MEDIUM,0.5602,0.5598
1138,2,MEDIUM,0.5446,0.5599
1139,2,MEDIUM,0.4913,0.5583
1140,2,MEDIUM,0.5937,0.5587
1141,2,MEDIUM,0.5568,0.5579
1142,2,MEDIUM,0.5735,0.5579
1143,2,MEDIUM,0.57,0.558
1144,2,MEDIUM,0.5871,0.5585
1145,2,MEDIUM,0.5667,0.5593
1146,2,MEDIUM,0.5796,0.5603
1147,2,MEDIUM,0.5613,0.5602
1148,2,MEDIUM,0.6583,0.5621
1149,2,MEDIUM,0.5525,0.5617
1150,2,MEDIUM,0.5434,0.562
1151,2,MEDIUM,0.5652,0.5614
1152,2,MEDIUM,0.6469,0.5628
1153,2,MEDIUM,0.6022,0.5636
1154,2,MEDIUM,0.5546,0.5637
1155,2,MEDIUM,0.551,0.5633
1156,2,MEDIUM,0.6283,0.5644
1157,2,MEDIUM,0.6,0.5651
1158,2,MEDIUM,0.6493,0.5669
1159,2,MEDIUM,0.5693,0.5677
1160,2,MEDIUM,0.5551,0.5669
1161,2,MEDIUM,0.5657,0.5669
1162,2,MEDIUM,0.5396,0.5671
1163,2,MEDIUM,0.5376,0.5668
1164,2,MEDIUM,0.5952,0.5673
1165,2,MEDIUM,0.5705,0.5673
1166,2,MEDIUM,0.5655,0.5672
1167,2,MEDIUM,0.5721,0.5677
1168,2,MEDIUM,0.5614,0.5678
1169,2,MEDIUM,0.5574,0.5675
1170,2,MEDIUM,0.5261,0.5665
1171,2,MEDIUM,0.5732,0.5667
1172,2,MEDIUM,0.5469,0.5662
1173,2,MEDIUM,0.4143,0.5625
1174,2,MEDIUM,0.5427,0.5617
1175,2,MEDIUM,0.5265,0.5593
1176,2,MEDIUM,0.5959,0.5601
1177,2,MEDIUM,0.5456,0.5597
1178,2,MEDIUM,0.5557,0.5598
1179,2,MEDIUM,0.5649,0.56
1180,2,MEDIUM,0.5855,0.5612
1181,2,MEDIUM,0.6079,0.5623
1182,2,MEDIUM,0.5641,0.5631
1183,2,MEDIUM,0.5764,0.5616
1184,2,MEDIUM,0.5671,0.5651
1185,2,MEDIUM,0.4095,0.5622
1186,2,MEDIUM,0.5439,0.5634
1187,2,MEDIUM,0.5515,0.5633
1188,2,MEDIUM,0.5654,0.5637
1189,2,MEDIUM,0.5248,0.5644
1190,2,MEDIUM,0.4072,0.5606
1191,2,MEDIUM,0.5649,0.5608
1192,2,MEDIUM,0.5703,0.5607
1193,2,MEDIUM,0.5707,0.5607
1194,2,MEDIUM,0.5939,0.5609
1195,2,MEDIUM,0.6386,0.5623
1196,2,MEDIUM,0.6554,0.5638
1197,2,MEDIUM,0.5709,0.564
1198,2,MEDIUM,0.5699,0.5622
1199,2,MEDIUM,0.5708,0.5626
1200,2,MEDIUM,0.5711,0.5632
1201,2,MEDIUM,0.5421,0.5627
1202,2,MEDIUM,0.5452,0.5607
1203,2,MEDIUM,0.5653,0.5599
1204,2,MEDIUM,0.5789,0.5604
1205,2,MEDIUM,0.6469,0.5623
1206,2,MEDIUM,0.5807,0.5614
1207,2,MEDIUM,0.6398,0.5622
1208,2,MEDIUM,0.5328,0.5599
1209,2,MEDIUM,0.5515,0.5595
1210,2,MEDIUM,0.6541,0.5615
1211,2,MEDIUM,0.526,0.5607
1212,2,MEDIUM,0.5659,0.5612
1213,2,MEDIUM,0.5442,0.5613
1214,2,MEDIUM,0.5417,0.5603
1215,2,MEDIUM,0.5842,0.5605
1216,2,MEDIUM,0.5753,0.5607
1217,2,MEDIUM,0.5699,0.5607
1218,2,MEDIUM,0.577,0.561
1219,2,MEDIUM,0.5873,0.5616
1220,2,MEDIUM,0.5607,0.5623
1221,2,MEDIUM,0.558,0.562
1222,2,MEDIUM,0.541,0.5619
1223,2,MEDIUM,0.5822,0.5652
1224,2,MEDIUM,0.5078,0.5645
1225,2,MEDIUM,0.6433,0.5669
1226,2,MEDIUM,0.5716,0.5664
1227,2,MEDIUM,0.4183,0.5638
1228,2,MEDIUM,0.524,0.5632
1229,2,MEDIUM,0.5359,0.5626
1230,2,MEDIUM,0.4236,0.5594
1231,2,MEDIUM,0.3855,0.5549
1232,2,MEDIUM,0.5622,0.5549
1233,2,MEDIUM,0.3809,0.551
1234,2,MEDIUM,0.5884,0.5514
1235,2,MEDIUM,0.552,0.5543
1236,2,MEDIUM,0.6479,0.5563
1237,2,MEDIUM,0.5665,0.5566
1238,2,MEDIUM,0.5441,0.5562
1239,2,MEDIUM,0.5575,0.5569
1240,2,MEDIUM,0.5604,0.5599
1241,2,MEDIUM,0.5588,0.5598
1242,2,MEDIUM,0.5389,0.5592
1243,2,MEDIUM,0.5576,0.5589
1244,2,MEDIUM,0.5544,0.5581
1245,2,MEDIUM,0.5592,0.5565
1246,2,MEDIUM,0.6387,0.5562
1247,2,MEDIUM,0.5517,0.5558
1248,2,MEDIUM,0.6413,0.5573
1249,2,MEDIUM,0.5626,0.5571
1250,2,MEDIUM,0.573,0.5571
1251,2,MEDIUM,0.4861,0.556
1252,2,MEDIUM,0.5549,0.5562
1253,2,MEDIUM,0.5518,0.5559
1254,2,MEDIUM,0.5731,0.5558
1255,2,MEDIUM,0.5753,0.5544
1256,2,MEDIUM,0.5467,0.5537
1257,2,MEDIUM,0.4694,0.5503
1258,2,MEDIUM,0.5504,0.5506
1259,2,MEDIUM,0.5155,0.5499
1260,2,MEDIUM,0.5549,0.5479
1261,2,MEDIUM,0.5883,0.5492
1262,2,MEDIUM,0.6079,0.55
1263,2,MEDIUM,0.5534,0.5502
1264,2,MEDIUM,0.5664,0.5507
1265,2,MEDIUM,0.5729,0.5505
1266,2,MEDIUM,0.5773,0.5505
1267,2,MEDIUM,0.5472,0.5501
1268,2,MEDIUM,0.5554,0.5496
1269,2,MEDIUM,0.55,0.5489
1270,2,MEDIUM,0.5552,0.5488
1271,2,MEDIUM,0.654,0.5507
1272,2,MEDIUM,0.5963,0.5518
1273,2,MEDIUM,0.5433,0.551
1274,2,MEDIUM,0.5635,0.5521
1275,2,MEDIUM,0.5795,0.5509
1276,2,MEDIUM,0.5759,0.551
1277,2,MEDIUM,0.55,0.5536
1278,2,MEDIUM,0.5701,0.5545
1279,2,MEDIUM,0.5427,0.5547
1280,2,MEDIUM,0.5934,0.5581
1281,2,MEDIUM,0.5342,0.561
1282,2,MEDIUM,0.5527,0.5608
1283,2,MEDIUM,0.5535,0.5643
1284,2,MEDIUM,0.5892,0.5643
1285,2,MEDIUM,0.5747,0.5648
1286,2,MEDIUM,0.5698,0.5632
1287,2,MEDIUM,0.5756,0.5634
1288,2,MEDIUM,0.5484,0.5635
1289,2,MEDIUM,0.5764,0.5638
1290,2,MEDIUM,0.5573,0.5638
1291,2,MEDIUM,0.585,0.5643
1292,2,MEDIUM,0.5522,0.5646
1293,2,MEDIUM,0.4399,0.5622
1294,2,MEDIUM,0.5726,0.5626
1295,2,MEDIUM,0.5809,0.563
1296,2,MEDIUM,0.3918,0.5581
1297,2,MEDIUM,0.5812,0.5587
1298,2,MEDIUM,0.5606,0.5571
1299,2,MEDIUM,0.5452,0.5567
1300,2,MEDIUM,0.5549,0.5563
1301,2,MEDIUM,0.5817,0.5583
1302,2,MEDIUM,0.5667,0.5585
1303,2,MEDIUM,0.5559,0.5586
1304,2,MEDIUM,0.5725,0.5586
1305,2,MEDIUM,0.5588,0.5582
1306,2,MEDIUM,0.567,0.5586
1307,2,MEDIUM,0.5582,0.5604
1308,2,MEDIUM,0.6041,0.5615
1309,2,MEDIUM,0.5781,0.5627
1310,2,MEDIUM,0.5632,0.5629
1311,2,MEDIUM,0.5841,0.5628
1312,2,MEDIUM,0.582,0.5623
1313,2,MEDIUM,0.5655,0.5625
1314,2,MEDIUM,0.5589,0.5624
1315,2,MEDIUM,0.6084,0.5631
1316,2,MEDIUM,0.5882,0.5633
1317,2,MEDIUM,0.5808,0.564
1318,2,MEDIUM,0.5681,0.5642
1319,2,MEDIUM,0.6444,0.5661
1320,2,MEDIUM,0.5733,0.5665
1321,2,MEDIUM,0.65,0.5664
1322,2,MEDIUM,0.5861,0.5662
1323,2,MEDIUM,0.5496,0.5663
1324,2,MEDIUM,0.5917,0.5669
1325,2,MEDIUM,0.5703,0.5667
1326,2,MEDIUM,0.633,0.5679
1327,2,MEDIUM,0.5514,0.5679
1328,2,MEDIUM,0.5769,0.568
1329,2,MEDIUM,0.5941,0.5691
1330,2,MEDIUM,0.6427,0.57
1331,2,MEDIUM,0.5592,0.5705
1332,2,MEDIUM,0.5683,0.5708
1333,2,MEDIUM,0.5821,0.5714
1334,2,MEDIUM,0.5829,0.5713
1335,2,MEDIUM,0.6716,0.5732
1336,2,MEDIUM,0.581,0.5735
1337,2,MEDIUM,0.5816,0.5736
1338,2,MEDIUM,0.5556,0.5737
1339,2,MEDIUM,0.5478,0.5731
1340,2,MEDIUM,0.5567,0.5731
1341,2,MEDIUM,0.5476,0.5724
1342,2,MEDIUM,0.6405,0.5742
1343,2,MEDIUM,0.5525,0.5764
1344,2,MEDIUM,0.5747,0.5764
1345,2,MEDIUM,0.5673,0.5762
1346,2,MEDIUM,0.5581,0.5795
1347,2,MEDIUM,0.3817,0.5755
1348,2,MEDIUM,0.4166,0.5726
1349,2,MEDIUM,0.5833,0.5734
1350,2,MEDIUM,0.4284,0.5709
1351,2,MEDIUM,0.623,0.5717
1352,2,MEDIUM,0.556,0.5715
1353,2,MEDIUM,0.542,0.5712
1354,2,MEDIUM,0.5436,0.5706
1355,2,MEDIUM,0.4716,0.5689
1356,2,MEDIUM,0.5771,0.5691
1357,2,MEDIUM,0.4875,0.5677
1358,2,MEDIUM,0.5709,0.567
1359,2,MEDIUM,0.5846,0.5671
1360,2,MEDIUM,0.5533,0.5669
1361,2,MEDIUM,0.5646,0.5665
1362,2,MEDIUM,0.5597,0.5661
1363,2,MEDIUM,0.5704,0.5662
1364,2,MEDIUM,0.5753,0.5665
1365,2,MEDIUM,0.5815,0.566
1366,2,MEDIUM,0.5651,0.5655
1367,2,MEDIUM,0.5711,0.5653
1368,2,MEDIUM,0.5938,0.5658
1369,2,MEDIUM,0.5565,0.5641
1370,2,MEDIUM,0.6459,0.5655
1371,2,MEDIUM,0.5623,0.5638
1372,2,MEDIUM,0.5703,0.5635
1373,2,MEDIUM,0.5696,0.5639
1374,2,MEDIUM,0.5834,0.5637
1375,2,MEDIUM,0.6415,0.5651
1376,2,MEDIUM,0.544,0.5633
1377,2,MEDIUM,0.5773,0.5639
1378,2,MEDIUM,0.5591,0.5635
1379,2,MEDIUM,0.6405,0.5644
1380,2,MEDIUM,0.5872,0.5633
1381,2,MEDIUM,0.58,0.5637
1382,2,MEDIUM,0.6422,0.5652
1383,2,MEDIUM,0.5437,0.5644
1384,2,MEDIUM,0.5749,0.5643
1385,2,MEDIUM,0.5733,0.5623
1386,2,MEDIUM,0.5496,0.5617
1387,2,MEDIUM,0.526,0.5606
1388,2,MEDIUM,0.5708,0.5609
1389,2,MEDIUM,0.5479,0.5609
1390,2,MEDIUM,0.5887,0.5615
1391,2,MEDIUM,0.5752,0.5621
1392,2,MEDIUM,0.5537,0.5603
1393,2,MEDIUM,0.5425,0.5601
1394,2,MEDIUM,0.585,0.5604
1395,2,MEDIUM,0.5733,0.5605
1396,2,MEDIUM,0.5501,0.5603
1397,2,MEDIUM,0.5626,0.5639
1398,2,MEDIUM,0.5592,0.5668
1399,2,MEDIUM,0.5813,0.5667
1400,2,MEDIUM,0.5721,0.5696
1401,2,MEDIUM,0.559,0.5683
1402,2,MEDIUM,0.5799,0.5688
1403,2,MEDIUM,0.5434,0.5688
1404,2,MEDIUM,0.5556,0.5691
1405,2,MEDIUM,0.5516,0.5707
1406,2,MEDIUM,0.565,0.5704
1407,2,MEDIUM,0.5811,0.5723
1408,2,MEDIUM,0.585,0.5726
1409,2,MEDIUM,0.5658,0.5722
1410,2,MEDIUM,0.5906,0.573
1411,2,MEDIUM,0.558,0.5728
1412,2,MEDIUM,0.6478,0.5746
1413,2,MEDIUM,0.5538,0.5743
1414,2,MEDIUM,0.5787,0.5743
1415,2,MEDIUM,0.6385,0.5755
1416,2,MEDIUM,0.565,0.5755
1417,2,MEDIUM,0.5594,0.5752
1418,2,MEDIUM,0.6605,0.5766
1419,2,MEDIUM,0.5576,0.5766
1420,2,MEDIUM,0.555,0.5748
1421,2,MEDIUM,0.5735,0.575
1422,2,MEDIUM,0.5602,0.5748
1423,2,MEDIUM,0.3966,0.5713
1424,2,MEDIUM,0.5516,0.5707
1425,2,MEDIUM,0.4444,0.5668
1426,2,MEDIUM,0.5481,0.5668
1427,2,MEDIUM,0.5682,0.5667
1428,2,MEDIUM,0.5479,0.5664
1429,2,MEDIUM,0.5738,0.5651
1430,2,MEDIUM,0.5836,0.565
1431,2,MEDIUM,0.4679,0.5628
1432,2,MEDIUM,0.568,0.5613
1433,2,MEDIUM,0.5699,0.5618
1434,2,MEDIUM,0.5707,0.5617
1435,2,MEDIUM,0.5447,0.5612
1436,2,MEDIUM,0.5976,0.5621
1437,2,MEDIUM,0.5406,0.5624
1438,2,MEDIUM,0.5657,0.5623
1439,2,MEDIUM,0.5788,0.5629
1440,2,MEDIUM,0.5607,0.5624
1441,2,MEDIUM,0.5593,0.5621
1442,2,MEDIUM,0.5862,0.5627
1443,2,MEDIUM,0.6183,0.5642
1444,2,MEDIUM,0.5553,0.5636
1445,2,MEDIUM,0.2714,0.5576
1446,2,MEDIUM,0.5848,0.5583
1447,2,MEDIUM,0.554,0.5581
1448,2,MEDIUM,0.6536,0.56
1449,2,MEDIUM,0.5854,0.5601
1450,2,MEDIUM,0.5637,0.5599
1451,2,MEDIUM,0.5702,0.5601
1452,2,MEDIUM,0.5753,0.5601
1453,2,MEDIUM,0.6397,0.562
1454,2,MEDIUM,0.5424,0.5617
1455,2,MEDIUM,0.5513,0.5617
1456,2,MEDIUM,0.5852,0.5621
1457,2,MEDIUM,0.576,0.562
1458,2,MEDIUM,0.6024,0.5624
1459,2,MEDIUM,0.5775,0.5626
1460,2,MEDIUM,0.5566,0.5619
1461,2,MEDIUM,0.5513,0.5618
1462,2,MEDIUM,0.6284,0.5614
1463,2,MEDIUM,0.5685,0.5617
1464,2,MEDIUM,0.5584,0.5613
1465,2,MEDIUM,0.5694,0.5599
1466,2,MEDIUM,0.5656,0.5599
1467,2,MEDIUM,0.5642,0.56
1468,2,MEDIUM,0.5783,0.5584
1469,2,MEDIUM,0.5678,0.5586
1470,2,MEDIUM,0.5389,0.5582
1471,2,MEDIUM,0.5599,0.558
1472,2,MEDIUM,0.557,0.5579
1473,2,MEDIUM,0.5643,0.5613
1474,2,MEDIUM,0.5789,0.5618
1475,2,MEDIUM,0.5571,0.5641
1476,2,MEDIUM,0.567,0.5644
1477,2,MEDIUM,0.5816,0.5647
1478,2,MEDIUM,0.6497,0.5667
1479,2,MEDIUM,0.5504,0.5663
1480,2,MEDIUM,0.5685,0.566
1481,2,MEDIUM,0.6444,0.5695
1482,2,MEDIUM,0.5827,0.5698
1483,2,MEDIUM,0.5607,0.5696
1484,2,MEDIUM,0.5531,0.5693
1485,2,MEDIUM,0.562,0.5696
1486,2,MEDIUM,0.5579,0.5688
1487,2,MEDIUM,0.5265,0.5685
1488,2,MEDIUM,0.4877,0.567
1489,2,MEDIUM,0.5693,0.5668
1490,2,MEDIUM,0.427,0.5641
1491,2,MEDIUM,0.5462,0.5638
1492,2,MEDIUM,0.5602,0.5633
1493,2,MEDIUM,0.6721,0.5644
1494,2,MEDIUM,0.5001,0.5633
1495,2,MEDIUM,0.5251,0.5684
1496,2,MEDIUM,0.5554,0.5678
1497,2,MEDIUM,0.6568,0.5698
1498,2,MEDIUM,0.6552,0.5699
1499,2,MEDIUM,0.5619,0.5694
1500,2,MEDIUM,0.5647,0.5694
1501,2,MEDIUM,0.5651,0.5693
1502,2,MEDIUM,0.5809,0.5694
1503,2,MEDIUM,0.5652,0.5679
1504,2,MEDIUM,0.5024,0.5671
1505,2,MEDIUM,0.3472,0.5631
1506,2,MEDIUM,0.5511,0.5624
1507,2,MEDIUM,0.569,0.5622
1508,2,MEDIUM,0.6331,0.5628
1509,2,MEDIUM,0.579,0.5629
1510,2,MEDIUM,0.5485,0.5627
1511,2,MEDIUM,0.5517,0.5627
1512,2,MEDIUM,0.5321,0.5608
1513,2,MEDIUM,0.5086,0.5596
1514,2,MEDIUM,0.571,0.5599
1515,2,MEDIUM,0.5706,0.5599
1516,2,MEDIUM,0.5692,0.56
1517,2,MEDIUM,0.546,0.5596
1518,2,MEDIUM,0.5756,0.5595
1519,2,MEDIUM,0.6601,0.5614
1520,2,MEDIUM,0.5231,0.5611
1521,2,MEDIUM,0.5773,0.5614
1522,2,MEDIUM,0.5513,0.5613
1523,2,MEDIUM,0.555,0.5611
1524,2,MEDIUM,0.3897,0.5573
1525,2,MEDIUM,0.5636,0.5575
1526,2,MEDIUM,0.5646,0.5574
1527,2,MEDIUM,0.5542,0.5569
1528,2,MEDIUM,0.5771,0.5554
1529,2,MEDIUM,0.5625,0.5557
1530,2,MEDIUM,0.5487,0.5553
1531,2,MEDIUM,0.5705,0.5538
1532,2,MEDIUM,0.4158,0.5504
1533,2,MEDIUM,0.5889,0.551
1534,2,MEDIUM,0.5755,0.5515
1535,2,MEDIUM,0.5521,0.5513
1536,2,MEDIUM,0.5812,0.5517
1537,2,MEDIUM,0.5726,0.5526
1538,2,MEDIUM,0.5758,0.5544
1539,2,MEDIUM,0.551,0.554
1540,2,MEDIUM,0.5692,0.5569
1541,2,MEDIUM,0.5657,0.5573
1542,2,MEDIUM,0.5627,0.5573
1543,2,MEDIUM,0.5837,0.5556
1544,2,MEDIUM,0.5576,0.5567
1545,2,MEDIUM,0.5591,0.5574
1546,2,MEDIUM,0.5744,0.5578
1547,2,MEDIUM,0.422,0.5531
1548,2,MEDIUM,0.574,0.5514
1549,2,MEDIUM,0.5642,0.5515
1550,2,MEDIUM,0.4618,0.5494
1551,2,MEDIUM,0.5741,0.5496
1552,2,MEDIUM,0.5456,0.5489
1553,2,MEDIUM,0.5575,0.5487
1554,2,MEDIUM,0.5796,0.5503
1555,2,MEDIUM,0.5732,0.5548
1556,2,MEDIUM,0.5905,0.5556
1557,2,MEDIUM,0.638,0.557
1558,2,MEDIUM,0.5164,0.5546
1559,2,MEDIUM,0.5725,0.5545
1560,2,MEDIUM,0.575,0.555
1561,2,MEDIUM,0.5638,0.5553
1562,2,MEDIUM,0.5913,0.5565
1563,2,MEDIUM,0.5318,0.5569
1564,2,MEDIUM,0.5721,0.557
1565,2,MEDIUM,0.5823,0.5572
1566,2,MEDIUM,0.5736,0.5573
1567,2,MEDIUM,0.5768,0.5579
1568,2,MEDIUM,0.6251,0.5589
1569,2,MEDIUM,0.5748,0.5572
1570,2,MEDIUM,0.5679,0.5581
1571,2,MEDIUM,0.5688,0.5579
1572,2,MEDIUM,0.379,0.5545
1573,2,MEDIUM,0.5753,0.5549
1574,2,MEDIUM,0.5746,0.5586
1575,2,MEDIUM,0.5801,0.5589
1576,2,MEDIUM,0.571,0.559
1577,2,MEDIUM,0.5749,0.5594
1578,2,MEDIUM,0.572,0.5593
1579,2,MEDIUM,0.5815,0.5597
1580,2,MEDIUM,0.5739,0.5602
1581,2,MEDIUM,0.5705,0.5602
1582,2,MEDIUM,0.5545,0.563
1583,2,MEDIUM,0.5553,0.5623
1584,2,MEDIUM,0.53,0.5614
1585,2,MEDIUM,0.5196,0.5608
1586,2,MEDIUM,0.5766,0.5607
1587,2,MEDIUM,0.5793,0.5608
1588,2,MEDIUM,0.5777,0.5608
1589,2,MEDIUM,0.4128,0.5581
1590,2,MEDIUM,0.4046,0.5548
1591,2,MEDIUM,0.5659,0.5548
1592,2,MEDIUM,0.4768,0.5531
1593,2,MEDIUM,0.5757,0.5529
1594,2,MEDIUM,0.4199,0.5502
1595,2,MEDIUM,0.5464,0.5499
1596,2,MEDIUM,0.5569,0.5496
1597,2,MEDIUM,0.5809,0.5527
1598,2,MEDIUM,0.6488,0.5542
1599,2,MEDIUM,0.5712,0.5544
1600,2,MEDIUM,0.5854,0.5568
1601,3,HARD,0.5711,0.5711
1602,3,HARD,0.5745,0.5728
1603,3,HARD,0.5201,0.5552
1604,3,HARD,0.5734,0.5598
1605,3,HARD,0.5883,0.5655
1606,3,HARD,0.5526,0.5633
1607,3,HARD,0.6228,0.5718
1608,3,HARD,0.5553,0.5698
1609,3,HARD,0.5529,0.5679
1610,3,HARD,0.5334,0.5644
1611,3,HARD,0.5717,0.5651
1612,3,HARD,0.5635,0.565
1613,3,HARD,0.5465,0.5635
1614,3,HARD,0.5758,0.5644
1615,3,HARD,0.5625,0.5643
1616,3,HARD,0.5563,0.5638
1617,3,HARD,0.5574,0.5634
1618,3,HARD,0.5573,0.5631
1619,3,HARD,0.5793,0.5639
1620,3,HARD,0.5653,0.564
1621,3,HARD,0.5787,0.5647
1622,3,HARD,0.5829,0.5655
1623,3,HARD,0.5682,0.5657
1624,3,HARD,0.5889,0.5666
1625,3,HARD,0.4219,0.5608
1626,3,HARD,0.5546,0.5606
1627,3,HARD,0.5732,0.5611
1628,3,HARD,0.5652,0.5612
1629,3,HARD,0.5597,0.5612
1630,3,HARD,0.5639,0.5613
1631,3,HARD,0.4807,0.5587
1632,3,HARD,0.5553,0.5585
1633,3,HARD,0.5634,0.5587
1634,3,HARD,0.6187,0.5605
1635,3,HARD,0.5702,0.5607
1636,3,HARD,0.5595,0.5607
1637,3,HARD,0.6542,0.5632
1638,3,HARD,0.573,0.5635
1639,3,HARD,0.5861,0.5641
1640,3,HARD,0.6626,0.5665
1641,3,HARD,0.6188,0.5678
1642,3,HARD,0.5488,0.5674
1643,3,HARD,0.5607,0.5672
1644,3,HARD,0.619,0.5684
1645,3,HARD,0.5286,0.5675
1646,3,HARD,0.5143,0.5663
1647,3,HARD,0.5561,0.5661
1648,3,HARD,0.5509,0.5658
1649,3,HARD,0.5559,0.5656
1650,3,HARD,0.5481,0.5652
1651,3,HARD,0.5694,0.5652
1652,3,HARD,0.5195,0.5641
1653,3,HARD,0.5752,0.5652
1654,3,HARD,0.5715,0.5652
1655,3,HARD,0.5366,0.5641
1656,3,HARD,0.575,0.5646
1657,3,HARD,0.5677,0.5635
1658,3,HARD,0.5707,0.5638
1659,3,HARD,0.5787,0.5643
1660,3,HARD,0.5526,0.5647
1661,3,HARD,0.5362,0.564
1662,3,HARD,0.558,0.5639
1663,3,HARD,0.5886,0.5647
1664,3,HARD,0.5075,0.5634
1665,3,HARD,0.5872,0.5638
1666,3,HARD,0.5488,0.5637
1667,3,HARD,0.5755,0.5641
1668,3,HARD,0.5524,0.564
1669,3,HARD,0.645,0.5653
1670,3,HARD,0.5514,0.565
1671,3,HARD,0.3691,0.5608
1672,3,HARD,0.5536,0.5602
1673,3,HARD,0.5409,0.5597
1674,3,HARD,0.5485,0.5589
1675,3,HARD,0.5856,0.5621
1676,3,HARD,0.5562,0.5622
1677,3,HARD,0.5299,0.5613
1678,3,HARD,0.5624,0.5612
1679,3,HARD,0.6572,0.5632
1680,3,HARD,0.5706,0.5633
1681,3,HARD,0.4005,0.5617
1682,3,HARD,0.5727,0.5621
1683,3,HARD,0.5377,0.5616
1684,3,HARD,0.5458,0.5601
1685,3,HARD,0.5799,0.5603
1686,3,HARD,0.5956,0.561
1687,3,HARD,0.5635,0.5592
1688,3,HARD,0.5424,0.5586
1689,3,HARD,0.3894,0.5547
1690,3,HARD,0.5741,0.5529
1691,3,HARD,0.5795,0.5521
1692,3,HARD,0.4623,0.5504
1693,3,HARD,0.5703,0.5506
1694,3,HARD,0.6261,0.5507
1695,3,HARD,0.5553,0.5512
1696,3,HARD,0.5729,0.5524
1697,3,HARD,0.5532,0.5524
1698,3,HARD,0.5658,0.5527
1699,3,HARD,0.6453,0.5544
1700,3,HARD,0.5775,0.555
1701,3,HARD,0.5531,0.5547
1702,3,HARD,0.6022,0.5564
1703,3,HARD,0.5729,0.5563
1704,3,HARD,0.4972,0.5548
1705,3,HARD,0.6697,0.5575
1706,3,HARD,0.5358,0.5567
1707,3,HARD,0.5922,0.5572
1708,3,HARD,0.4333,0.5544
1709,3,HARD,0.6506,0.5559
1710,3,HARD,0.5777,0.5564
1711,3,HARD,0.5579,0.5568
1712,3,HARD,0.5513,0.5567
1713,3,HARD,0.5569,0.5561
1714,3,HARD,0.58,0.5575
1715,3,HARD,0.5657,0.5571
1716,3,HARD,0.588,0.5579
1717,3,HARD,0.5183,0.5567
1718,3,HARD,0.4329,0.5543
1719,3,HARD,0.5628,0.5527
1720,3,HARD,0.5762,0.5532
1721,3,HARD,0.5628,0.5571
1722,3,HARD,0.5257,0.5565
1723,3,HARD,0.5361,0.5564
1724,3,HARD,0.5676,0.5568
1725,3,HARD,0.6317,0.5577
1726,3,HARD,0.5453,0.5575
1727,3,HARD,0.5966,0.5588
1728,3,HARD,0.5478,0.5585
1729,3,HARD,0.5613,0.5566
1730,3,HARD,0.5772,0.5567
1731,3,HARD,0.5463,0.5597
1732,3,HARD,0.5071,0.5583
1733,3,HARD,0.5684,0.559
1734,3,HARD,0.5343,0.5587
1735,3,HARD,0.4885,0.5569
1736,3,HARD,0.6413,0.5578
1737,3,HARD,0.5121,0.5568
1738,3,HARD,0.5469,0.5569
1739,3,HARD,0.576,0.5606
1740,3,HARD,0.5632,0.5604
1741,3,HARD,0.2972,0.5547
1742,3,HARD,0.394,0.5534
1743,3,HARD,0.5472,0.5529
1744,3,HARD,0.5247,0.5509
1745,3,HARD,0.5774,0.5513
1746,3,HARD,0.5653,0.5512
1747,3,HARD,0.5559,0.5512
1748,3,HARD,0.4022,0.548
1749,3,HARD,0.5761,0.5466
1750,3,HARD,0.5824,0.5467
1751,3,HARD,0.4172,0.5439
1752,3,HARD,0.5695,0.5433
1753,3,HARD,0.5583,0.543
1754,3,HARD,0.5537,0.5441
1755,3,HARD,0.5653,0.542
1756,3,HARD,0.5343,0.542
1757,3,HARD,0.6732,0.5436
1758,3,HARD,0.5753,0.5465
1759,3,HARD,0.4886,0.5432
1760,3,HARD,0.5211,0.5421
1761,3,HARD,0.3933,0.5388
1762,3,HARD,0.5521,0.5388
1763,3,HARD,0.5821,0.5393
1764,3,HARD,0.5896,0.5395
1765,3,HARD,0.549,0.5392
1766,3,HARD,0.5905,0.5392
1767,3,HARD,0.4144,0.5372
1768,3,HARD,0.4224,0.5369
1769,3,HARD,0.5692,0.5371
1770,3,HARD,0.4144,0.5338
1771,3,HARD,0.5501,0.5336
1772,3,HARD,0.5693,0.5345
1773,3,HARD,0.5009,0.5337
1774,3,HARD,0.5616,0.5336
1775,3,HARD,0.5527,0.532
1776,3,HARD,0.5648,0.5324
1777,3,HARD,0.3316,0.5271
1778,3,HARD,0.5277,0.5267
1779,3,HARD,0.5054,0.5256
1780,3,HARD,0.4178,0.5224
1781,3,HARD,0.5338,0.5222
1782,3,HARD,0.6251,0.5245
1783,3,HARD,0.6314,0.5258
1784,3,HARD,0.6395,0.5279
1785,3,HARD,0.5447,0.529
1786,3,HARD,0.5884,0.528
1787,3,HARD,0.542,0.5286
1788,3,HARD,0.5756,0.5291
1789,3,HARD,0.557,0.5288
1790,3,HARD,0.5679,0.5289
1791,3,HARD,0.5701,0.5343
1792,3,HARD,0.5847,0.5381
1793,3,HARD,0.5612,0.5384
1794,3,HARD,0.5509,0.5389
1795,3,HARD,0.5429,0.5382
1796,3,HARD,0.5774,0.5385
1797,3,HARD,0.5847,0.5391
1798,3,HARD,0.5709,0.5424
1799,3,HARD,0.5691,0.5423
1800,3,HARD,0.5553,0.5418
1801,3,HARD,0.4169,0.5417
1802,3,HARD,0.5507,0.5414
1803,3,HARD,0.6539,0.5433
1804,3,HARD,0.5397,0.543
1805,3,HARD,0.5591,0.5429
1806,3,HARD,0.5898,0.544
1807,3,HARD,0.5559,0.5416
1808,3,HARD,0.51,0.5403
1809,3,HARD,0.6228,0.543
1810,3,HARD,0.5469,0.5435
1811,3,HARD,0.5826,0.5473
1812,3,HARD,0.4807,0.5459
1813,3,HARD,0.6456,0.5472
1814,3,HARD,0.5425,0.5462
1815,3,HARD,0.5564,0.5464
1816,3,HARD,0.5654,0.5459
1817,3,HARD,0.5567,0.5487
1818,3,HARD,0.559,0.5514
1819,3,HARD,0.5498,0.5511
1820,3,HARD,0.564,0.5541
1821,3,HARD,0.3933,0.5509
1822,3,HARD,0.5608,0.5507
1823,3,HARD,0.5866,0.5525
1824,3,HARD,0.5588,0.5524
1825,3,HARD,0.5606,0.5526
1826,3,HARD,0.5536,0.5523
1827,3,HARD,0.5839,0.5574
1828,3,HARD,0.5748,0.5583
1829,3,HARD,0.5259,0.5587
1830,3,HARD,0.5541,0.5615
1831,3,HARD,0.5508,0.5618
1832,3,HARD,0.5177,0.5597
1833,3,HARD,0.467,0.5564
1834,3,HARD,0.5586,0.5548
1835,3,HARD,0.5819,0.5555
1836,3,HARD,0.5395,0.5545
1837,3,HARD,0.5649,0.555
1838,3,HARD,0.5521,0.5545
1839,3,HARD,0.572,0.5548
1840,3,HARD,0.6206,0.5559
1841,3,HARD,0.4803,0.5541
1842,3,HARD,0.5575,0.5535
1843,3,HARD,0.5608,0.5535
1844,3,HARD,0.555,0.5536
1845,3,HARD,0.4868,0.5525
1846,3,HARD,0.6428,0.5538
1847,3,HARD,0.4631,0.5513
1848,3,HARD,0.5328,0.5506
1849,3,HARD,0.5559,0.5503
1850,3,HARD,0.5543,0.5503
1851,3,HARD,0.5835,0.5536
1852,3,HARD,0.5688,0.554
1853,3,HARD,0.5273,0.5515
1854,3,HARD,0.5434,0.5515
1855,3,HARD,0.6587,0.5535
1856,3,HARD,0.3911,0.5496
1857,3,HARD,0.5468,0.5494
1858,3,HARD,0.5778,0.5507
1859,3,HARD,0.4614,0.5475
1860,3,HARD,0.5726,0.548
1861,3,HARD,0.6683,0.5497
1862,3,HARD,0.5534,0.5512
1863,3,HARD,0.5519,0.5493
1864,3,HARD,0.5511,0.5495
1865,3,HARD,0.5678,0.5497
1866,3,HARD,0.6477,0.5514
1867,3,HARD,0.5805,0.5518
1868,3,HARD,0.6393,0.5534
1869,3,HARD,0.5373,0.5532
1870,3,HARD,0.4325,0.5506
1871,3,HARD,0.5917,0.5545
1872,3,HARD,0.569,0.5547
1873,3,HARD,0.5814,0.5546
1874,3,HARD,0.5505,0.5544
1875,3,HARD,0.6273,0.5558
1876,3,HARD,0.5727,0.5561
1877,3,HARD,0.5521,0.5555
1878,3,HARD,0.5495,0.555
1879,3,HARD,0.5832,0.5561
1880,3,HARD,0.5549,0.5562
1881,3,HARD,0.5465,0.5561
1882,3,HARD,0.6529,0.5588
1883,3,HARD,0.5659,0.5608
1884,3,HARD,0.5565,0.5607
1885,3,HARD,0.5962,0.561
1886,3,HARD,0.531,0.5608
1887,3,HARD,0.5546,0.5606
1888,3,HARD,0.5817,0.5612
1889,3,HARD,0.6712,0.5632
1890,3,HARD,0.5526,0.5618
1891,3,HARD,0.5579,0.5634
1892,3,HARD,0.6238,0.5647
1893,3,HARD,0.5597,0.5647
1894,3,HARD,0.4852,0.5633
1895,3,HARD,0.359,0.5607
1896,3,HARD,0.419,0.5563
1897,3,HARD,0.6302,0.5596
1898,3,HARD,0.6331,0.5616
1899,3,HARD,0.6307,0.5631
1900,3,HARD,0.5506,0.563
1901,3,HARD,0.5766,0.5629
1902,3,HARD,0.5921,0.5634
1903,3,HARD,0.5535,0.5639
1904,3,HARD,0.5536,0.5641
1905,3,HARD,0.5343,0.5616
1906,3,HARD,0.5565,0.5649
1907,3,HARD,0.5657,0.5653
1908,3,HARD,0.5616,0.565
1909,3,HARD,0.5474,0.5667
1910,3,HARD,0.5452,0.5661
1911,3,HARD,0.5682,0.5641
1912,3,HARD,0.5457,0.564
1913,3,HARD,0.5542,0.564
1914,3,HARD,0.534,0.5637
1915,3,HARD,0.58,0.5639
1916,3,HARD,0.4284,0.5595
1917,3,HARD,0.547,0.5589
1918,3,HARD,0.5629,0.5573
1919,3,HARD,0.4864,0.5563
1920,3,HARD,0.4813,0.5573
1921,3,HARD,0.5821,0.5571
1922,3,HARD,0.5556,0.5568
1923,3,HARD,0.6708,0.5586
1924,3,HARD,0.5254,0.5581
1925,3,HARD,0.5617,0.5568
1926,3,HARD,0.579,0.5569
1927,3,HARD,0.5701,0.5573
1928,3,HARD,0.5699,0.5577
1929,3,HARD,0.5681,0.5574
1930,3,HARD,0.568,0.5577
1931,3,HARD,0.6018,0.5588
1932,3,HARD,0.5741,0.5572
1933,3,HARD,0.5308,0.5565
1934,3,HARD,0.4795,0.555
1935,3,HARD,0.5549,0.5541
1936,3,HARD,0.5704,0.5549
1937,3,HARD,0.5742,0.5553
1938,3,HARD,0.5886,0.5555
1939,3,HARD,0.534,0.5527
1940,3,HARD,0.5098,0.5519
1941,3,HARD,0.5415,0.5515
1942,3,HARD,0.5213,0.5495
1943,3,HARD,0.4376,0.547
1944,3,HARD,0.5637,0.5486
1945,3,HARD,0.5306,0.552
1946,3,HARD,0.4375,0.5524
1947,3,HARD,0.5423,0.5506
1948,3,HARD,0.5517,0.549
1949,3,HARD,0.5659,0.5477
1950,3,HARD,0.5728,0.5482
1951,3,HARD,0.5288,0.5472
1952,3,HARD,0.5352,0.5461
1953,3,HARD,0.6523,0.548
1954,3,HARD,0.5467,0.5479
1955,3,HARD,0.4973,0.5472
1956,3,HARD,0.5431,0.5469
1957,3,HARD,0.5262,0.5461
1958,3,HARD,0.5476,0.5458
1959,3,HARD,0.5591,0.5461
1960,3,HARD,0.4875,0.5449
1961,3,HARD,0.4821,0.5432
1962,3,HARD,0.5737,0.5438
1963,3,HARD,0.5585,0.5438
1964,3,HARD,0.5658,0.5445
1965,3,HARD,0.5739,0.5444
1966,3,HARD,0.5797,0.5474
1967,3,HARD,0.5629,0.5477
1968,3,HARD,0.5439,0.5473
1969,3,HARD,0.4338,0.5463
1970,3,HARD,0.5073,0.5468
1971,3,HARD,0.5892,0.5469
1972,3,HARD,0.5686,0.5472
1973,3,HARD,0.5196,0.5442
1974,3,HARD,0.5787,0.5452
1975,3,HARD,0.575,0.5455
1976,3,HARD,0.5513,0.5449
1977,3,HARD,0.5702,0.5449
1978,3,HARD,0.5714,0.545
1979,3,HARD,0.5587,0.5448
1980,3,HARD,0.6008,0.5454
1981,3,HARD,0.5834,0.5451
1982,3,HARD,0.6364,0.5463
1983,3,HARD,0.549,0.5467
1984,3,HARD,0.4985,0.5471
1985,3,HARD,0.5409,0.5468
1986,3,HARD,0.5118,0.5456
1987,3,HARD,0.5637,0.5454
1988,3,HARD,0.6477,0.5466
1989,3,HARD,0.5698,0.5473
1990,3,HARD,0.5525,0.5482
1991,3,HARD,0.5627,0.5486
1992,3,HARD,0.6145,0.5504
1993,3,HARD,0.5495,0.5527
1994,3,HARD,0.577,0.5529
1995,3,HARD,0.4512,0.5514
1996,3,HARD,0.5975,0.5546
1997,3,HARD,0.5819,0.5553
1998,3,HARD,0.574,0.5558
1999,3,HARD,0.5093,0.5547
2000,3,HARD,0.5551,0.5543
2001,3,HARD,0.5779,0.5553
2002,3,HARD,0.5831,0.5562
2003,3,HARD,0.4934,0.5531
2004,3,HARD,0.5783,0.5537
2005,3,HARD,0.5436,0.5546
2006,3,HARD,0.5656,0.5551
2007,3,HARD,0.3863,0.5523
2008,3,HARD,0.5632,0.5526
2009,3,HARD,0.5475,0.5524
2010,3,HARD,0.5524,0.5537
2011,3,HARD,0.556,0.5551
2012,3,HARD,0.6259,0.5562
2013,3,HARD,0.5633,0.5563
2014,3,HARD,0.4749,0.5545
2015,3,HARD,0.5251,0.5535
2016,3,HARD,0.5975,0.5538
2017,3,HARD,0.4882,0.5523
2018,3,HARD,0.5515,0.5525
2019,3,HARD,0.574,0.5553
2020,3,HARD,0.5918,0.557
2021,3,HARD,0.5423,0.556
2022,3,HARD,0.5498,0.5557
2023,3,HARD,0.5569,0.5564
2024,3,HARD,0.5401,0.5556
2025,3,HARD,0.5574,0.5553
2026,3,HARD,0.5166,0.5546
2027,3,HARD,0.6521,0.5562
2028,3,HARD,0.6424,0.5577
2029,3,HARD,0.5515,0.5575
2030,3,HARD,0.5671,0.5568
2031,3,HARD,0.557,0.5563
2032,3,HARD,0.5778,0.5551
2033,3,HARD,0.3831,0.5518
2034,3,HARD,0.4429,0.5507
2035,3,HARD,0.5644,0.5512
2036,3,HARD,0.6274,0.5535
2037,3,HARD,0.5419,0.5531
2038,3,HARD,0.5767,0.5516
2039,3,HARD,0.582,0.5519
2040,3,HARD,0.4287,0.5494
2041,3,HARD,0.5487,0.5491
2042,3,HARD,0.5726,0.5483
2043,3,HARD,0.5458,0.5482
2044,3,HARD,0.5646,0.548
2045,3,HARD,0.554,0.55
2046,3,HARD,0.5723,0.5495
2047,3,HARD,0.5234,0.5483
2048,3,HARD,0.6369,0.5496
2049,3,HARD,0.6466,0.5524
2050,3,HARD,0.5578,0.5524
2051,3,HARD,0.5696,0.5522
2052,3,HARD,0.5731,0.552
2053,3,HARD,0.5441,0.5531
2054,3,HARD,0.4025,0.5495
2055,3,HARD,0.5713,0.5501
2056,3,HARD,0.5761,0.5503
2057,3,HARD,0.5527,0.5536
2058,3,HARD,0.5581,0.5535
2059,3,HARD,0.5542,0.5537
2060,3,HARD,0.5545,0.5537
2061,3,HARD,0.5649,0.5539
2062,3,HARD,0.6035,0.5534
2063,3,HARD,0.562,0.5534
2064,3,HARD,0.5534,0.555
2065,3,HARD,0.6253,0.557
2066,3,HARD,0.6417,0.5579
2067,3,HARD,0.6423,0.5609
2068,3,HARD,0.5345,0.5606
2069,3,HARD,0.5525,0.5602
2070,3,HARD,0.3054,0.5544
2071,3,HARD,0.5491,0.5546
2072,3,HARD,0.5501,0.5546
2073,3,HARD,0.5912,0.5553
2074,3,HARD,0.5682,0.5558
2075,3,HARD,0.5805,0.5563
2076,3,HARD,0.5672,0.5573
2077,3,HARD,0.6441,0.5571
2078,3,HARD,0.5373,0.555
2079,3,HARD,0.5577,0.5552
2080,3,HARD,0.5612,0.5551
2081,3,HARD,0.3872,0.5517
2082,3,HARD,0.5524,0.5512
2083,3,HARD,0.5673,0.5548
2084,3,HARD,0.6541,0.5591
2085,3,HARD,0.5621,0.559
2086,3,HARD,0.6251,0.559
2087,3,HARD,0.5781,0.5597
2088,3,HARD,0.5499,0.5592
2089,3,HARD,0.5831,0.5592
2090,3,HARD,0.5869,0.5623
2091,3,HARD,0.5855,0.5631
2092,3,HARD,0.5505,0.5626
2093,3,HARD,0.5751,0.5632
2094,3,HARD,0.5843,0.5636
2095,3,HARD,0.5636,0.5638
2096,3,HARD,0.5414,0.5632
2097,3,HARD,0.6433,0.5656
2098,3,HARD,0.4919,0.5627
2099,3,HARD,0.5767,0.5613
2100,3,HARD,0.586,0.5619
2101,3,HARD,0.5619,0.5617
2102,3,HARD,0.6332,0.5629
2103,3,HARD,0.5781,0.5636
2104,3,HARD,0.563,0.5668
2105,3,HARD,0.5708,0.5668
2106,3,HARD,0.5753,0.5668
2107,3,HARD,0.5708,0.5671
2108,3,HARD,0.5748,0.5675
2109,3,HARD,0.5826,0.568
2110,3,HARD,0.5809,0.5686
2111,3,HARD,0.5778,0.5688
2112,3,HARD,0.5672,0.5681
2113,3,HARD,0.5629,0.5681
2114,3,HARD,0.548,0.568
2115,3,HARD,0.5841,0.5672
2116,3,HARD,0.6492,0.5673
2117,3,HARD,0.6281,0.567
2118,3,HARD,0.5401,0.5671
2119,3,HARD,0.6533,0.5692
2120,3,HARD,0.5663,0.5744
2121,3,HARD,0.5662,0.5747
2122,3,HARD,0.5596,0.5749
2123,3,HARD,0.5416,0.5739
2124,3,HARD,0.5626,0.5738
2125,3,HARD,0.5583,0.5734
2126,3,HARD,0.5084,0.5722
2127,3,HARD,0.5603,0.5705
2128,3,HARD,0.5489,0.5707
2129,3,HARD,0.5269,0.5701
2130,3,HARD,0.6005,0.5709
2131,3,HARD,0.5858,0.5749
2132,3,HARD,0.6522,0.5769
2133,3,HARD,0.5484,0.5765
2134,3,HARD,0.5639,0.5747
2135,3,HARD,0.5538,0.5745
2136,3,HARD,0.3412,0.5689
2137,3,HARD,0.5362,0.568
2138,3,HARD,0.6824,0.5707
2139,3,HARD,0.5691,0.5704
2140,3,HARD,0.5616,0.5699
2141,3,HARD,0.5647,0.5695
2142,3,HARD,0.5227,0.5689
2143,3,HARD,0.6036,0.5695
2144,3,HARD,0.4951,0.5677
2145,3,HARD,0.6073,0.5686
2146,3,HARD,0.5612,0.569
2147,3,HARD,0.5896,0.5679
2148,3,HARD,0.4241,0.5665
2149,3,HARD,0.5648,0.5663
2150,3,HARD,0.5548,0.5657
2151,3,HARD,0.547,0.5654
2152,3,HARD,0.5722,0.5642
2153,3,HARD,0.5623,0.5638
2154,3,HARD,0.5764,0.5641
2155,3,HARD,0.5478,0.5637
2156,3,HARD,0.5734,0.5636
2157,3,HARD,0.5486,0.5632
2158,3,HARD,0.5565,0.5628
2159,3,HARD,0.5636,0.5624
2160,3,HARD,0.422,0.5592
2161,3,HARD,0.628,0.5603
2162,3,HARD,0.5719,0.5603
2163,3,HARD,0.5696,0.5605
2164,3,HARD,0.5268,0.5601
2165,3,HARD,0.5537,0.5594
2166,3,HARD,0.5831,0.5581
2167,3,HARD,0.5348,0.5563
2168,3,HARD,0.6033,0.5575
2169,3,HARD,0.5926,0.5563
2170,3,HARD,0.5559,0.5561
2171,3,HARD,0.5764,0.5563
2172,3,HARD,0.5981,0.5571
2173,3,HARD,0.5671,0.5576
2174,3,HARD,0.5482,0.5573
2175,3,HARD,0.5441,0.557
2176,3,HARD,0.6178,0.5592
2177,3,HARD,0.5615,0.5592
2178,3,HARD,0.5662,0.5596
2179,3,HARD,0.5602,0.5602
2180,3,HARD,0.5784,0.5598
2181,3,HARD,0.6598,0.5613
2182,3,HARD,0.5349,0.5589
2183,3,HARD,0.5719,0.5594
2184,3,HARD,0.5576,0.5593
2185,3,HARD,0.5629,0.5595
2186,3,HARD,0.586,0.5644
2187,3,HARD,0.5829,0.5653
2188,3,HARD,0.5239,0.5621
2189,3,HARD,0.5801,0.5623
2190,3,HARD,0.5782,0.5627
2191,3,HARD,0.5426,0.5622
2192,3,HARD,0.493,0.5616
2193,3,HARD,0.541,0.5604
2194,3,HARD,0.5813,0.5621
2195,3,HARD,0.5597,0.5612
2196,3,HARD,0.6444,0.5628
2197,3,HARD,0.5857,0.5627
2198,3,HARD,0.5696,0.5656
2199,3,HARD,0.5015,0.5644
2200,3,HARD,0.605,0.5654
2201,3,HARD,0.5425,0.5653
2202,3,HARD,0.6337,0.5665
2203,3,HARD,0.4616,0.5645
2204,3,HARD,0.5305,0.5636
2205,3,HARD,0.549,0.5636
2206,3,HARD,0.6608,0.5654
2207,3,HARD,0.5166,0.5647
2208,3,HARD,0.5625,0.5648
2209,3,HARD,0.5677,0.5649
2210,3,HARD,0.5456,0.5674
2211,3,HARD,0.6267,0.5674
2212,3,HARD,0.5421,0.5668
2213,3,HARD,0.5705,0.5668
2214,3,HARD,0.5523,0.5673
2215,3,HARD,0.5578,0.5674
2216,3,HARD,0.5697,0.5671
2217,3,HARD,0.6278,0.569
2218,3,HARD,0.5812,0.5685
2219,3,HARD,0.6295,0.5693
2220,3,HARD,0.5578,0.5693
2221,3,HARD,0.6708,0.5712
2222,3,HARD,0.5329,0.5699
2223,3,HARD,0.5484,0.5695
2224,3,HARD,0.5382,0.5693
2225,3,HARD,0.5676,0.5698
2226,3,HARD,0.5565,0.5686
2227,3,HARD,0.5659,0.5687
2228,3,HARD,0.5582,0.5685
2229,3,HARD,0.5717,0.5687
2230,3,HARD,0.5882,0.5689
2231,3,HARD,0.5654,0.567
2232,3,HARD,0.5583,0.5675
2233,3,HARD,0.5943,0.568
2234,3,HARD,0.5068,0.5669
2235,3,HARD,0.5917,0.5675
2236,3,HARD,0.5718,0.5672
2237,3,HARD,0.5831,0.5672
2238,3,HARD,0.5682,0.5681
2239,3,HARD,0.5833,0.5682
2240,3,HARD,0.5849,0.5683
2241,3,HARD,0.5665,0.5688
2242,3,HARD,0.562,0.5702
2243,3,HARD,0.5414,0.5702
2244,3,HARD,0.5522,0.5696
2245,3,HARD,0.6069,0.5705
2246,3,HARD,0.6085,0.5698
2247,3,HARD,0.5563,0.5692
2248,3,HARD,0.5651,0.5691
2249,3,HARD,0.4266,0.5677
2250,3,HARD,0.6254,0.5681
2251,3,HARD,0.4829,0.5669
2252,3,HARD,0.5178,0.5646
2253,3,HARD,0.6546,0.5684
2254,3,HARD,0.3909,0.5656
2255,3,HARD,0.5177,0.565
2256,3,HARD,0.5413,0.5626
2257,3,HARD,0.561,0.5635
2258,3,HARD,0.5472,0.5632
2259,3,HARD,0.5582,0.563
2260,3,HARD,0.6436,0.565
2261,3,HARD,0.5914,0.5642
2262,3,HARD,0.544,0.5643
2263,3,HARD,0.5586,0.564
2264,3,HARD,0.5432,0.5639
2265,3,HARD,0.5057,0.5628
2266,3,HARD,0.6475,0.5644
2267,3,HARD,0.5701,0.5632
2268,3,HARD,0.5512,0.5626
2269,3,HARD,0.6231,0.5625
2270,3,HARD,0.5603,0.5625
2271,3,HARD,0.5191,0.5595
2272,3,HARD,0.4475,0.5578
2273,3,HARD,0.5588,0.558
2274,3,HARD,0.6551,0.5603
2275,3,HARD,0.6386,0.5618
2276,3,HARD,0.4978,0.5606
2277,3,HARD,0.5507,0.5603
2278,3,HARD,0.5813,0.5607
2279,3,HARD,0.6492,0.5623
2280,3,HARD,0.6387,0.5633
2281,3,HARD,0.5694,0.5634
2282,3,HARD,0.5693,0.5636
2283,3,HARD,0.6578,0.5649
2284,3,HARD,0.5592,0.5659
2285,3,HARD,0.6658,0.5674
2286,3,HARD,0.5645,0.5673
2287,3,HARD,0.4306,0.5642
2288,3,HARD,0.6617,0.5661
2289,3,HARD,0.5688,0.5658
2290,3,HARD,0.5848,0.5658
2291,3,HARD,0.525,0.565
2292,3,HARD,0.6447,0.5666
2293,3,HARD,0.5834,0.5675
2294,3,HARD,0.5419,0.5673
2295,3,HARD,0.5598,0.5663
2296,3,HARD,0.568,0.5655
2297,3,HARD,0.5622,0.5656
2298,3,HARD,0.5753,0.5658
2299,3,HARD,0.5687,0.5687
2300,3,HARD,0.659,0.5693
2301,3,HARD,0.3683,0.567
2302,3,HARD,0.4064,0.5648
2303,3,HARD,0.5679,0.5631
2304,3,HARD,0.6333,0.5679
2305,3,HARD,0.5567,0.5687
2306,3,HARD,0.5397,0.5687
2307,3,HARD,0.5682,0.5688
2308,3,HARD,0.5909,0.5697
2309,3,HARD,0.5806,0.5701
2310,3,HARD,0.5657,0.5686
2311,3,HARD,0.5399,0.5676
2312,3,HARD,0.5709,0.5681
2313,3,HARD,0.592,0.5688
2314,3,HARD,0.6554,0.571
2315,3,HARD,0.5911,0.5727
2316,3,HARD,0.63,0.5724
2317,3,HARD,0.5727,0.5724
2318,3,HARD,0.5654,0.5727
2319,3,HARD,0.5747,0.5717
2320,3,HARD,0.5961,0.5725
2321,3,HARD,0.574,0.5736
2322,3,HARD,0.5453,0.5755
2323,3,HARD,0.5862,0.5761
2324,3,HARD,0.3507,0.57
2325,3,HARD,0.5909,0.569
2326,3,HARD,0.5684,0.5704
2327,3,HARD,0.5455,0.5703
2328,3,HARD,0.5752,0.5702
2329,3,HARD,0.581,0.5688
2330,3,HARD,0.479,0.5656
2331,3,HARD,0.5286,0.5648
2332,3,HARD,0.5707,0.5648
2333,3,HARD,0.5116,0.5619
2334,3,HARD,0.5919,0.5626
2335,3,HARD,0.5612,0.5605
2336,3,HARD,0.582,0.5608
2337,3,HARD,0.6073,0.5644
2338,3,HARD,0.5724,0.5626
2339,3,HARD,0.5279,0.5618
2340,3,HARD,0.5811,0.5617
2341,3,HARD,0.6386,0.564
2342,3,HARD,0.5921,0.5629
2343,3,HARD,0.5167,0.5616
2344,3,HARD,0.4789,0.5603
2345,3,HARD,0.5534,0.5602
2346,3,HARD,0.5713,0.5603
2347,3,HARD,0.581,0.5606
2348,3,HARD,0.584,0.5608
2349,3,HARD,0.4813,0.5591
2350,3,HARD,0.5788,0.5575
2351,3,HARD,0.5566,0.5612
2352,3,HARD,0.5436,0.564
2353,3,HARD,0.6536,0.5657
2354,3,HARD,0.6731,0.5665
2355,3,HARD,0.5519,0.5664
2356,3,HARD,0.5908,0.5674
2357,3,HARD,0.4684,0.5654
2358,3,HARD,0.6403,0.5664
2359,3,HARD,0.5632,0.566
2360,3,HARD,0.3862,0.5625
2361,3,HARD,0.5505,0.5627
2362,3,HARD,0.5749,0.5627
2363,3,HARD,0.5669,0.5622
2364,3,HARD,0.5645,0.5604
2365,3,HARD,0.5874,0.5604
2366,3,HARD,0.5838,0.5594
2367,3,HARD,0.5371,0.5587
2368,3,HARD,0.5295,0.558
2369,3,HARD,0.5627,0.5578
2370,3,HARD,0.5687,0.5572
2371,3,HARD,0.5431,0.5566
2372,3,HARD,0.5456,0.5566
2373,3,HARD,0.5631,0.5561
2374,3,HARD,0.4204,0.5575
2375,3,HARD,0.5503,0.5567
2376,3,HARD,0.5892,0.5571
2377,3,HARD,0.285,0.5519
2378,3,HARD,0.5898,0.5522
2379,3,HARD,0.5545,0.5517
2380,3,HARD,0.5533,0.5532
2381,3,HARD,0.5453,0.5535
2382,3,HARD,0.4982,0.5521
2383,3,HARD,0.5353,0.5525
2384,3,HARD,0.5061,0.5508
2385,3,HARD,0.5627,0.5508
2386,3,HARD,0.6538,0.5523
2387,3,HARD,0.4776,0.5497
2388,3,HARD,0.6085,0.5504
2389,3,HARD,0.5668,0.5512
2390,3,HARD,0.5599,0.5508
2391,3,HARD,0.5615,0.5492
2392,3,HARD,0.5666,0.5487
2393,3,HARD,0.4485,0.5473
2394,3,HARD,0.5253,0.5483
2395,3,HARD,0.5677,0.5486
2396,3,HARD,0.5336,0.5478
2397,3,HARD,0.5459,0.5471
2398,3,HARD,0.6161,0.5478
2399,3,HARD,0.5309,0.5487
2400,3,HARD,0.5701,0.5486
2401,3,HARD,0.5637,0.5487
2402,3,HARD,0.5994,0.5498
2403,3,HARD,0.66,0.55
2404,3,HARD,0.5795,0.5481
2405,3,HARD,0.3508,0.5441
2406,3,HARD,0.5794,0.5438
2407,3,HARD,0.5258,0.545
2408,3,HARD,0.5438,0.5431
2409,3,HARD,0.5702,0.5432
2410,3,HARD,0.506,0.5456
2411,3,HARD,0.5691,0.546
2412,3,HARD,0.5845,0.5462
2413,3,HARD,0.5455,0.5457
2414,3,HARD,0.5276,0.545
2415,3,HARD,0.4848,0.5429
2416,3,HARD,0.5016,0.5413
2417,3,HARD,0.5656,0.5419
2418,3,HARD,0.5582,0.5424
2419,3,HARD,0.6711,0.5446
2420,3,HARD,0.5378,0.544
2421,3,HARD,0.5741,0.5446
2422,3,HARD,0.577,0.5452
2423,3,HARD,0.5702,0.5454
2424,3,HARD,0.5507,0.548
2425,3,HARD,0.5659,0.5483
2426,3,HARD,0.517,0.5468
2427,3,HARD,0.5759,0.5527
2428,3,HARD,0.6246,0.5534
2429,3,HARD,0.5497,0.5533
2430,3,HARD,0.5846,0.5539
2431,3,HARD,0.4072,0.5511
2432,3,HARD,0.5632,0.5524
2433,3,HARD,0.5237,0.5522
2434,3,HARD,0.6425,0.5549
2435,3,HARD,0.5265,0.5542
2436,3,HARD,0.5693,0.5525
2437,3,HARD,0.5811,0.5546
2438,3,HARD,0.5627,0.5537
2439,3,HARD,0.5435,0.5532
2440,3,HARD,0.5426,0.5529
2441,3,HARD,0.5595,0.5528
2442,3,HARD,0.5678,0.5528
2443,3,HARD,0.585,0.5556
2444,3,HARD,0.5664,0.5564
2445,3,HARD,0.5756,0.5565
2446,3,HARD,0.5911,0.5577
2447,3,HARD,0.5448,0.5577
2448,3,HARD,0.4709,0.5548
2449,3,HARD,0.6089,0.5563
2450,3,HARD,0.5568,0.5561
2451,3,HARD,0.3949,0.5527
2452,3,HARD,0.405,0.5488
2453,3,HARD,0.5406,0.5464
2454,3,HARD,0.4578,0.544
2455,3,HARD,0.5632,0.5482
2456,3,HARD,0.6285,0.5492
2457,3,HARD,0.6828,0.5523
2458,3,HARD,0.5671,0.5528
2459,3,HARD,0.4885,0.5512
2460,3,HARD,0.6464,0.554
2461,3,HARD,0.4175,0.551
2462,3,HARD,0.5667,0.5506
2463,3,HARD,0.585,0.5514
2464,3,HARD,0.595,0.5527
2465,3,HARD,0.5702,0.5544
2466,3,HARD,0.564,0.5557
2467,3,HARD,0.5563,0.5555
2468,3,HARD,0.4356,0.5531
2469,3,HARD,0.5666,0.551
2470,3,HARD,0.5326,0.5509
2471,3,HARD,0.5663,0.5507
2472,3,HARD,0.4867,0.5489
2473,3,HARD,0.5658,0.5488
2474,3,HARD,0.562,0.549
2475,3,HARD,0.5168,0.5481
2476,3,HARD,0.5664,0.549
2477,3,HARD,0.5996,0.5495
2478,3,HARD,0.59,0.5488
2479,3,HARD,0.6019,0.5499
2480,3,HARD,0.5778,0.5497
2481,3,HARD,0.5759,0.5531
2482,3,HARD,0.278,0.5474
2483,3,HARD,0.5301,0.5475
2484,3,HARD,0.5379,0.5454
2485,3,HARD,0.637,0.5477
2486,3,HARD,0.5458,0.5472
2487,3,HARD,0.5801,0.5472
2488,3,HARD,0.6492,0.5489
2489,3,HARD,0.5651,0.5493
2490,3,HARD,0.5765,0.55
2491,3,HARD,0.6637,0.5521
2492,3,HARD,0.5501,0.5517
2493,3,HARD,0.589,0.5518
2494,3,HARD,0.5739,0.552
2495,3,HARD,0.3954,0.5484
2496,3,HARD,0.5546,0.5476
2497,3,HARD,0.5532,0.5478
2498,3,HARD,0.5584,0.5495
2499,3,HARD,0.5951,0.5493
2500,3,HARD,0.5876,0.5499
2501,3,HARD,0.5919,0.5538
2502,3,HARD,0.5646,0.557
2503,3,HARD,0.5491,0.5572
2504,3,HARD,0.6191,0.5604
2505,3,HARD,0.5747,0.5606
2506,3,HARD,0.4731,0.5575
2507,3,HARD,0.6369,0.5566
2508,3,HARD,0.5195,0.5557
2509,3,HARD,0.5406,0.5567
2510,3,HARD,0.5832,0.5554
2511,3,HARD,0.5454,0.558
2512,3,HARD,0.576,0.5582
2513,3,HARD,0.6638,0.5598
2514,3,HARD,0.5799,0.5595
2515,3,HARD,0.5499,0.5591
2516,3,HARD,0.5877,0.5595
2517,3,HARD,0.6367,0.5611
2518,3,HARD,0.5517,0.5635
2519,3,HARD,0.5502,0.5631
2520,3,HARD,0.5524,0.5635
2521,3,HARD,0.5803,0.5638
2522,3,HARD,0.5644,0.5654
2523,3,HARD,0.5893,0.5658
2524,3,HARD,0.5747,0.5661
2525,3,HARD,0.5606,0.567
2526,3,HARD,0.549,0.5666
2527,3,HARD,0.5725,0.5661
2528,3,HARD,0.5553,0.5654
2529,3,HARD,0.5633,0.5646
2530,3,HARD,0.6298,0.5656
2531,3,HARD,0.55,0.5651
2532,3,HARD,0.5585,0.5707
2533,3,HARD,0.5675,0.5715
2534,3,HARD,0.5919,0.5726
2535,3,HARD,0.5456,0.5707
2536,3,HARD,0.5613,0.571
2537,3,HARD,0.5715,0.5709
2538,3,HARD,0.5814,0.5695
2539,3,HARD,0.5733,0.5697
2540,3,HARD,0.682,0.5718
2541,3,HARD,0.5677,0.5699
2542,3,HARD,0.5753,0.5704
2543,3,HARD,0.5689,0.57
2544,3,HARD,0.5698,0.5699
2545,3,HARD,0.5649,0.5733
2546,3,HARD,0.5917,0.574
2547,3,HARD,0.3378,0.5697
2548,3,HARD,0.4567,0.5677
2549,3,HARD,0.5914,0.5676
2550,3,HARD,0.574,0.5673
2551,3,HARD,0.5494,0.5665
2552,3,HARD,0.5824,0.5668
2553,3,HARD,0.5568,0.567
2554,3,HARD,0.6421,0.5675
2555,3,HARD,0.5225,0.5664
2556,3,HARD,0.5536,0.568
2557,3,HARD,0.574,0.5668
2558,3,HARD,0.5785,0.5679
2559,3,HARD,0.5627,0.5684
2560,3,HARD,0.5811,0.5683
2561,3,HARD,0.5617,0.5687
2562,3,HARD,0.6376,0.5699
2563,3,HARD,0.5585,0.5678
2564,3,HARD,0.5891,0.568
2565,3,HARD,0.5481,0.5679
2566,3,HARD,0.5894,0.568
2567,3,HARD,0.6212,0.5677
2568,3,HARD,0.5855,0.5683
2569,3,HARD,0.5949,0.5692
2570,3,HARD,0.6644,0.5715
2571,3,HARD,0.6821,0.5735
2572,3,HARD,0.4026,0.5703
2573,3,HARD,0.5686,0.5699
2574,3,HARD,0.5615,0.5696
2575,3,HARD,0.47,0.5678
2576,3,HARD,0.5164,0.5671
2577,3,HARD,0.6241,0.5682
2578,3,HARD,0.4017,0.5651
2579,3,HARD,0.5777,0.5654
2580,3,HARD,0.5707,0.5642
2581,3,HARD,0.5549,0.5643
2582,3,HARD,0.5749,0.5646
2583,3,HARD,0.6177,0.5656
2584,3,HARD,0.593,0.5657
2585,3,HARD,0.5539,0.5658
2586,3,HARD,0.5521,0.5656
2587,3,HARD,0.4636,0.5635
2588,3,HARD,0.4105,0.5601
2589,3,HARD,0.6318,0.5612
2590,3,HARD,0.5602,0.5588
2591,3,HARD,0.5673,0.5588
2592,3,HARD,0.5948,0.5592
2593,3,HARD,0.5805,0.5594
2594,3,HARD,0.5505,0.559
2595,3,HARD,0.6246,0.5602
2596,3,HARD,0.564,0.5597
2597,3,HARD,0.568,0.5643
2598,3,HARD,0.5201,0.5655
2599,3,HARD,0.6232,0.5662
2600,3,HARD,0.5135,0.565
2601,3,HARD,0.5425,0.5648
2602,3,HARD,0.5825,0.5648
2603,3,HARD,0.5768,0.5652
2604,3,HARD,0.55,0.5634
2605,3,HARD,0.5569,0.5641
2606,3,HARD,0.5669,0.5643
2607,3,HARD,0.5809,0.5645
2608,3,HARD,0.5526,0.564
2609,3,HARD,0.5758,0.5642
2610,3,HARD,0.5766,0.5641
2611,3,HARD,0.584,0.5646
2612,3,HARD,0.5449,0.5627
2613,3,HARD,0.565,0.5629
2614,3,HARD,0.5606,0.5623
2615,3,HARD,0.5598,0.5625
2616,3,HARD,0.5761,0.5622
2617,3,HARD,0.5679,0.5612
2618,3,HARD,0.5931,0.5613
2619,3,HARD,0.6145,0.5617
2620,3,HARD,0.4998,0.5584
2621,3,HARD,0.5089,0.555
2622,3,HARD,0.5639,0.5582
2623,3,HARD,0.5716,0.5583
2624,3,HARD,0.5683,0.5584
2625,3,HARD,0.5995,0.561
2626,3,HARD,0.5594,0.5618
2627,3,HARD,0.6381,0.5621
2628,3,HARD,0.574,0.5656
2629,3,HARD,0.5566,0.5651
2630,3,HARD,0.574,0.5652
2631,3,HARD,0.6573,0.5673
2632,3,HARD,0.5478,0.5667
2633,3,HARD,0.5139,0.5646
2634,3,HARD,0.5154,0.5631
2635,3,HARD,0.5318,0.5627
2636,3,HARD,0.5006,0.5616
2637,3,HARD,0.5821,0.564
2638,3,HARD,0.582,0.5674
2639,3,HARD,0.5903,0.5666
2640,3,HARD,0.6237,0.5679
2641,3,HARD,0.3203,0.5629
2642,3,HARD,0.5892,0.5628
2643,3,HARD,0.6345,0.5639
2644,3,HARD,0.5622,0.5641
2645,3,HARD,0.6468,0.5646
2646,3,HARD,0.5784,0.5649
2647,3,HARD,0.5495,0.5645
2648,3,HARD,0.5842,0.5658
2649,3,HARD,0.5976,0.5653
2650,3,HARD,0.5468,0.5659
2651,3,HARD,0.4225,0.5635
2652,3,HARD,0.5846,0.5636
2653,3,HARD,0.5112,0.5623
2654,3,HARD,0.5078,0.5614
2655,3,HARD,0.5605,0.5615
2656,3,HARD,0.5942,0.562
2657,3,HARD,0.646,0.5633
2658,3,HARD,0.5715,0.5637
2659,3,HARD,0.4998,0.5622
2660,3,HARD,0.5917,0.5625
2661,3,HARD,0.469,0.5602
2662,3,HARD,0.4501,0.5583
2663,3,HARD,0.5347,0.5577
2664,3,HARD,0.5587,0.5576
2665,3,HARD,0.3873,0.5542
2666,3,HARD,0.5599,0.5539
2667,3,HARD,0.6465,0.5554
2668,3,HARD,0.5635,0.5548
2669,3,HARD,0.568,0.5539
2670,3,HARD,0.4048,0.552
2671,3,HARD,0.5387,0.5526
2672,3,HARD,0.5756,0.5528
2673,3,HARD,0.5811,0.553
2674,3,HARD,0.4882,0.5514
2675,3,HARD,0.4785,0.549
2676,3,HARD,0.567,0.5492
2677,3,HARD,0.5265,0.5469
2678,3,HARD,0.5293,0.546
2679,3,HARD,0.5708,0.5463
2680,3,HARD,0.5896,0.5466
2681,3,HARD,0.579,0.5451
2682,3,HARD,0.5888,0.5459
2683,3,HARD,0.5561,0.5467
2684,3,HARD,0.5752,0.5479
2685,3,HARD,0.6398,0.5501
2686,3,HARD,0.5626,0.5513
2687,3,HARD,0.582,0.5513
2688,3,HARD,0.568,0.5511
2689,3,HARD,0.6704,0.5527
2690,3,HARD,0.5903,0.552
2691,3,HARD,0.6574,0.5587
2692,3,HARD,0.5869,0.5587
2693,3,HARD,0.5505,0.557
2694,3,HARD,0.5671,0.5571
2695,3,HARD,0.3782,0.5517
2696,3,HARD,0.5718,0.5516
2697,3,HARD,0.5394,0.5514
2698,3,HARD,0.6417,0.5525
2699,3,HARD,0.5431,0.5515
2700,3,HARD,0.649,0.5535
2701,3,HARD,0.5655,0.5564
2702,3,HARD,0.4445,0.5536
2703,3,HARD,0.6585,0.5565
2704,3,HARD,0.5608,0.5576
2705,3,HARD,0.5492,0.5573
2706,3,HARD,0.5409,0.5563
2707,3,HARD,0.5974,0.5553
2708,3,HARD,0.4891,0.5536
2709,3,HARD,0.57,0.555
2710,3,HARD,0.5545,0.5543
2711,3,HARD,0.5683,0.5563
2712,3,HARD,0.5719,0.5587
2713,3,HARD,0.6275,0.5606
2714,3,HARD,0.5611,0.5606
2715,3,HARD,0.5522,0.5639
2716,3,HARD,0.5826,0.5644
2717,3,HARD,0.5695,0.5628
2718,3,HARD,0.5835,0.5632
2719,3,HARD,0.562,0.5631
2720,3,HARD,0.6421,0.5679
2721,3,HARD,0.5322,0.5677
2722,3,HARD,0.553,0.5673
2723,3,HARD,0.4137,0.5639
2724,3,HARD,0.5611,0.5654
2725,3,HARD,0.5695,0.5672
2726,3,HARD,0.639,0.5687
2727,3,HARD,0.6689,0.5715
2728,3,HARD,0.6078,0.5731
2729,3,HARD,0.4544,0.5707
2730,3,HARD,0.5656,0.5703
2731,3,HARD,0.5657,0.57
2732,3,HARD,0.6382,0.571
2733,3,HARD,0.5862,0.5716
2734,3,HARD,0.5373,0.5708
2735,3,HARD,0.6409,0.5709
2736,3,HARD,0.5681,0.571
2737,3,HARD,0.5756,0.5708
2738,3,HARD,0.6428,0.5723
2739,3,HARD,0.5382,0.5697
2740,3,HARD,0.5954,0.5698
2741,3,HARD,0.5696,0.568
2742,3,HARD,0.4737,0.5658
2743,3,HARD,0.5154,0.5651
2744,3,HARD,0.6704,0.5671
2745,3,HARD,0.5076,0.5697
2746,3,HARD,0.5696,0.5697
2747,3,HARD,0.5815,0.5705
2748,3,HARD,0.5524,0.5687
2749,3,HARD,0.5817,0.5695
2750,3,HARD,0.5317,0.5672
2751,3,HARD,0.3971,0.5638
2752,3,HARD,0.5128,0.5652
2753,3,HARD,0.5644,0.5633
2754,3,HARD,0.5772,0.5636
2755,3,HARD,0.5957,0.5645
2756,3,HARD,0.6202,0.5661
2757,3,HARD,0.6098,0.5664
2758,3,HARD,0.5624,0.5678
2759,3,HARD,0.5652,0.5677
2760,3,HARD,0.5356,0.5674
2761,3,HARD,0.5592,0.5672
2762,3,HARD,0.5594,0.5669
2763,3,HARD,0.5632,0.5657
2764,3,HARD,0.5439,0.5653
2765,3,HARD,0.5639,0.5655
2766,3,HARD,0.5897,0.5657
2767,3,HARD,0.2983,0.5603
2768,3,HARD,0.5356,0.5593
2769,3,HARD,0.5338,0.5587
2770,3,HARD,0.6295,0.5585
2771,3,HARD,0.5437,0.5587
2772,3,HARD,0.514,0.5579
2773,3,HARD,0.5749,0.5612
2774,3,HARD,0.6377,0.5627
2775,3,HARD,0.5785,0.5629
2776,3,HARD,0.5623,0.5613
2777,3,HARD,0.6598,0.5612
2778,3,HARD,0.5004,0.559
2779,3,HARD,0.5805,0.5615
2780,3,HARD,0.6027,0.5623
2781,3,HARD,0.5789,0.5625
2782,3,HARD,0.6332,0.5624
2783,3,HARD,0.5492,0.5617
2784,3,HARD,0.6017,0.563
2785,3,HARD,0.5584,0.5613
2786,3,HARD,0.5531,0.561
2787,3,HARD,0.5715,0.5609
2788,3,HARD,0.5729,0.5596
2789,3,HARD,0.3926,0.5566
2790,3,HARD,0.416,0.5531
2791,3,HARD,0.4856,0.5514
2792,3,HARD,0.5594,0.5531
2793,3,HARD,0.5892,0.5546
2794,3,HARD,0.6767,0.5547
2795,3,HARD,0.5913,0.5564
2796,3,HARD,0.5926,0.5568
2797,3,HARD,0.4776,0.5547
2798,3,HARD,0.6777,0.5572
2799,3,HARD,0.5641,0.5569
2800,3,HARD,0.4999,0.5563
2801,3,HARD,0.5598,0.5595
2802,3,HARD,0.5485,0.5602
2803,3,HARD,0.5736,0.5604
2804,3,HARD,0.5616,0.5601
2805,3,HARD,0.5503,0.5592
2806,3,HARD,0.533,0.5574
2807,3,HARD,0.5796,0.5568
2808,3,HARD,0.5758,0.5571
2809,3,HARD,0.5747,0.5573
2810,3,HARD,0.5947,0.5585
2811,3,HARD,0.6637,0.5606
2812,3,HARD,0.4144,0.5577
2813,3,HARD,0.5776,0.558
2814,3,HARD,0.5612,0.5583
2815,3,HARD,0.5754,0.5585
2816,3,HARD,0.624,0.5592
2817,3,HARD,0.5616,0.5645
2818,3,HARD,0.3957,0.5617
2819,3,HARD,0.5759,0.5625
2820,3,HARD,0.5929,0.5618
2821,3,HARD,0.5885,0.5627
2822,3,HARD,0.5687,0.5638
2823,3,HARD,0.5339,0.563
2824,3,HARD,0.5649,0.5615
2825,3,HARD,0.5601,0.5612
2826,3,HARD,0.5908,0.5617
2827,3,HARD,0.5584,0.5597
2828,3,HARD,0.5762,0.5612
2829,3,HARD,0.4062,0.5577
2830,3,HARD,0.568,0.557
2831,3,HARD,0.5467,0.5564
2832,3,HARD,0.5798,0.5553
2833,3,HARD,0.384,0.552
2834,3,HARD,0.5322,0.5506
2835,3,HARD,0.5524,0.5505
2836,3,HARD,0.5608,0.5507
2837,3,HARD,0.5575,0.5504
2838,3,HARD,0.5069,0.5491
2839,3,HARD,0.5757,0.5527
2840,3,HARD,0.4132,0.5527
2841,3,HARD,0.5545,0.554
2842,3,HARD,0.53,0.5535
2843,3,HARD,0.575,0.5532
2844,3,HARD,0.5496,0.5506
2845,3,HARD,0.5723,0.5502
2846,3,HARD,0.5691,0.5498
2847,3,HARD,0.5611,0.5514
2848,3,HARD,0.5819,0.5495
2849,3,HARD,0.5602,0.5495
2850,3,HARD,0.5753,0.551
2851,3,HARD,0.5633,0.551
2852,3,HARD,0.549,0.551
2853,3,HARD,0.5881,0.5513
2854,3,HARD,0.6504,0.5531
2855,3,HARD,0.5609,0.5533
2856,3,HARD,0.6341,0.5553
2857,3,HARD,0.5691,0.5551
2858,3,HARD,0.3989,0.5516
2859,3,HARD,0.5407,0.5509
2860,3,HARD,0.5842,0.5507
2861,3,HARD,0.5027,0.5475
2862,3,HARD,0.5878,0.551
2863,3,HARD,0.5588,0.5506
2864,3,HARD,0.5624,0.5506
2865,3,HARD,0.5759,0.5506
2866,3,HARD,0.6333,0.5508
2867,3,HARD,0.554,0.5506
2868,3,HARD,0.557,0.5539
2869,3,HARD,0.5515,0.5534
2870,3,HARD,0.3716,0.549
2871,3,HARD,0.5714,0.5486
2872,3,HARD,0.5103,0.5474
2873,3,HARD,0.5672,0.5481
2874,3,HARD,0.5751,0.5483
2875,3,HARD,0.5797,0.5487
2876,3,HARD,0.553,0.548
2877,3,HARD,0.5688,0.5482
2878,3,HARD,0.5662,0.548
2879,3,HARD,0.5635,0.5511
2880,3,HARD,0.547,0.5507
2881,3,HARD,0.5918,0.5516
2882,3,HARD,0.4087,0.5482
2883,3,HARD,0.5837,0.5522
2884,3,HARD,0.5773,0.5531
2885,3,HARD,0.5111,0.5522
2886,3,HARD,0.5509,0.552
2887,3,HARD,0.5527,0.5519
2888,3,HARD,0.5783,0.5534
2889,3,HARD,0.5707,0.5533
2890,3,HARD,0.5023,0.5551
2891,3,HARD,0.5511,0.555
2892,3,HARD,0.5727,0.5558
2893,3,HARD,0.5814,0.556
2894,3,HARD,0.5212,0.5554
2895,3,HARD,0.557,0.5551
2896,3,HARD,0.5582,0.5549
2897,3,HARD,0.5424,0.5545
2898,3,HARD,0.599,0.5548
2899,3,HARD,0.543,0.5545
2900,3,HARD,0.5524,0.554
2901,3,HARD,0.4989,0.5527
2902,3,HARD,0.6625,0.555
2903,3,HARD,0.635,0.556
2904,3,HARD,0.5691,0.5543
2905,3,HARD,0.5755,0.5546
2906,3,HARD,0.586,0.5537
2907,3,HARD,0.6436,0.5551
2908,3,HARD,0.5514,0.5582
2909,3,HARD,0.5704,0.5588
2910,3,HARD,0.5523,0.5582
2911,3,HARD,0.5478,0.5591
2912,3,HARD,0.5559,0.5584
2913,3,HARD,0.6191,0.5596
2914,3,HARD,0.5046,0.5585
2915,3,HARD,0.5787,0.5585
2916,3,HARD,0.552,0.5569
2917,3,HARD,0.4276,0.5544
2918,3,HARD,0.4143,0.5515
2919,3,HARD,0.5752,0.552
2920,3,HARD,0.5933,0.5564
2921,3,HARD,0.579,0.5566
2922,3,HARD,0.5345,0.5571
2923,3,HARD,0.5749,0.5572
2924,3,HARD,0.5664,0.557
2925,3,HARD,0.5168,0.5558
2926,3,HARD,0.5767,0.5563
2927,3,HARD,0.6391,0.5577
2928,3,HARD,0.5767,0.5579
2929,3,HARD,0.5553,0.5577
2930,3,HARD,0.5593,0.558
2931,3,HARD,0.5728,0.5576
2932,3,HARD,0.5258,0.5599
2933,3,HARD,0.514,0.5585
2934,3,HARD,0.5777,0.5585
2935,3,HARD,0.5962,0.5602
2936,3,HARD,0.5809,0.5608
2937,3,HARD,0.4828,0.5594
2938,3,HARD,0.5698,0.5593
2939,3,HARD,0.576,0.5594
2940,3,HARD,0.5795,0.5609
2941,3,HARD,0.6019,0.5619
2942,3,HARD,0.5305,0.5611
2943,3,HARD,0.4788,0.559
2944,3,HARD,0.5791,0.5602
2945,3,HARD,0.5241,0.5595
2946,3,HARD,0.4567,0.5575
2947,3,HARD,0.6418,0.5595
2948,3,HARD,0.5382,0.5583
2949,3,HARD,0.5368,0.5582
2950,3,HARD,0.5371,0.5578
2951,3,HARD,0.5311,0.5585
2952,3,HARD,0.5928,0.5571
2953,3,HARD,0.5883,0.5562
2954,3,HARD,0.552,0.5558
2955,3,HARD,0.5236,0.5548
2956,3,HARD,0.5783,0.5546
2957,3,HARD,0.5641,0.553
2958,3,HARD,0.5893,0.5538
2959,3,HARD,0.556,0.5535
2960,3,HARD,0.5718,0.5539
2961,3,HARD,0.5864,0.5547
2962,3,HARD,0.5926,0.5554
2963,3,HARD,0.5643,0.5543
2964,3,HARD,0.6594,0.5574
2965,3,HARD,0.5456,0.5567
2966,3,HARD,0.4354,0.5544
2967,3,HARD,0.549,0.5568
2968,3,HARD,0.5509,0.5596
2969,3,HARD,0.58,0.5597
2970,3,HARD,0.6064,0.5599
2971,3,HARD,0.5814,0.56
2972,3,HARD,0.6193,0.5617
2973,3,HARD,0.582,0.5618
2974,3,HARD,0.5768,0.562
2975,3,HARD,0.5684,0.5631
2976,3,HARD,0.5809,0.5631
2977,3,HARD,0.65,0.5634
2978,3,HARD,0.5752,0.5633
2979,3,HARD,0.5832,0.5639
2980,3,HARD,0.552,0.5637
2981,3,HARD,0.5502,0.5633
2982,3,HARD,0.5441,0.5636
2983,3,HARD,0.574,0.5648
2984,3,HARD,0.5717,0.5647
2985,3,HARD,0.5284,0.5634
2986,3,HARD,0.5746,0.5632
2987,3,HARD,0.5752,0.5651
2988,3,HARD,0.5692,0.5651
2989,3,HARD,0.5821,0.5652
2990,3,HARD,0.5556,0.5647
2991,3,HARD,0.5393,0.5635
2992,3,HARD,0.5592,0.564
2993,3,HARD,0.5785,0.566
2994,3,HARD,0.5792,0.566
2995,3,HARD,0.5684,0.5669
2996,3,HARD,0.6239,0.5703
2997,3,HARD,0.5606,0.5687
2998,3,HARD,0.4136,0.5662
2999,3,HARD,0.5658,0.5667
3000,3,HARD,0.5595,0.5672
3001,3,HARD,0.6579,0.5697
3002,3,HARD,0.5767,0.5694
3003,3,HARD,0.5722,0.5691
3004,3,HARD,0.5582,0.5692
3005,3,HARD,0.5601,0.5699
3006,3,HARD,0.5816,0.57
3007,3,HARD,0.67,0.5721
3008,3,HARD,0.6497,0.5733
3009,3,HARD,0.6745,0.5757
3010,3,HARD,0.5349,0.575
3011,3,HARD,0.292,0.5691
3012,3,HARD,0.5132,0.5675
3013,3,HARD,0.5542,0.5673
3014,3,HARD,0.5783,0.5657
3015,3,HARD,0.5699,0.5661
3016,3,HARD,0.6414,0.5703
3017,3,HARD,0.5531,0.5703
3018,3,HARD,0.5502,0.5703
3019,3,HARD,0.54,0.5695
3020,3,HARD,0.5705,0.5688
3021,3,HARD,0.4104,0.5654
3022,3,HARD,0.5746,0.5645
3023,3,HARD,0.4069,0.561
3024,3,HARD,0.5626,0.5607
3025,3,HARD,0.5607,0.5606
3026,3,HARD,0.544,0.5598
3027,3,HARD,0.4915,0.5567
3028,3,HARD,0.3486,0.5521
3029,3,HARD,0.4785,0.55
3030,3,HARD,0.5982,0.551
3031,3,HARD,0.5633,0.5512
3032,3,HARD,0.5844,0.552
3033,3,HARD,0.5649,0.5518
3034,3,HARD,0.5711,0.5518
3035,3,HARD,0.5602,0.5525
3036,3,HARD,0.6479,0.5539
3037,3,HARD,0.5666,0.5538
3038,3,HARD,0.5693,0.5538
3039,3,HARD,0.579,0.5537
3040,3,HARD,0.5651,0.5539
3041,3,HARD,0.554,0.5542
3042,3,HARD,0.4056,0.5511
3043,3,HARD,0.6579,0.5527
3044,3,HARD,0.5773,0.5527
3045,3,HARD,0.5701,0.5527
3046,3,HARD,0.5864,0.5519
3047,3,HARD,0.543,0.5516
3048,3,HARD,0.5694,0.5547
3049,3,HARD,0.5683,0.5548
3050,3,HARD,0.5817,0.5552
3051,3,HARD,0.6354,0.5547
3052,3,HARD,0.5444,0.5541
3053,3,HARD,0.5046,0.5527
3054,3,HARD,0.5465,0.5525
3055,3,HARD,0.5648,0.5526
3056,3,HARD,0.5931,0.5528
3057,3,HARD,0.5798,0.551
3058,3,HARD,0.5798,0.5496
3059,3,HARD,0.6583,0.5493
3060,3,HARD,0.67,0.552
3061,3,HARD,0.5792,0.5578
3062,3,HARD,0.5615,0.5587
3063,3,HARD,0.5694,0.559
3064,3,HARD,0.57,0.5589
3065,3,HARD,0.6745,0.561
3066,3,HARD,0.6645,0.5614
3067,3,HARD,0.4038,0.5584
3068,3,HARD,0.5567,0.5586
3069,3,HARD,0.5677,0.5591
3070,3,HARD,0.591,0.5595
3071,3,HARD,0.5647,0.5626
3072,3,HARD,0.5761,0.5626
3073,3,HARD,0.6591,0.5677
3074,3,HARD,0.5518,0.5675
3075,3,HARD,0.3233,0.5627
3076,3,HARD,0.5542,0.5629
3077,3,HARD,0.4687,0.5625
3078,3,HARD,0.5611,0.5667
3079,3,HARD,0.5781,0.5687
3080,3,HARD,0.5644,0.568
3081,3,HARD,0.553,0.5678
3082,3,HARD,0.5497,0.5671
3083,3,HARD,0.5583,0.567
3084,3,HARD,0.5343,0.5663
3085,3,HARD,0.5961,0.567
3086,3,HARD,0.5375,0.5648
3087,3,HARD,0.5924,0.5653
3088,3,HARD,0.5766,0.5654
3089,3,HARD,0.5643,0.5651
3090,3,HARD,0.5664,0.5652
3091,3,HARD,0.5843,0.5658
3092,3,HARD,0.4627,0.5669
3093,3,HARD,0.6621,0.567
3094,3,HARD,0.551,0.5665
3095,3,HARD,0.5783,0.5666
3096,3,HARD,0.6536,0.568
3097,3,HARD,0.5807,0.5687
3098,3,HARD,0.5609,0.5686
3099,3,HARD,0.5543,0.5683
3100,3,HARD,0.5645,0.5679
3101,3,HARD,0.5543,0.5663
3102,3,HARD,0.5784,0.567
3103,3,HARD,0.5676,0.5683
3104,3,HARD,0.6365,0.5701
3105,3,HARD,0.5758,0.5703
3106,3,HARD,0.5313,0.5691
3107,3,HARD,0.5786,0.569
3108,3,HARD,0.5582,0.5686
3109,3,HARD,0.5558,0.5665
3110,3,HARD,0.5661,0.5645
3111,3,HARD,0.6415,0.5657
3112,3,HARD,0.3991,0.5625
3113,3,HARD,0.6259,0.5636
3114,3,HARD,0.6241,0.5647
3115,3,HARD,0.6364,0.5639
3116,3,HARD,0.5927,0.5625
3117,3,HARD,0.6296,0.567
3118,3,HARD,0.555,0.567
3119,3,HARD,0.518,0.566
3120,3,HARD,0.5054,0.5643
3121,3,HARD,0.5264,0.5635
3122,3,HARD,0.4828,0.5616
3123,3,HARD,0.5598,0.5596
3124,3,HARD,0.575,0.5601
3125,3,HARD,0.594,0.5655
3126,3,HARD,0.4304,0.563
3127,3,HARD,0.5872,0.5654
3128,3,HARD,0.5695,0.5656
3129,3,HARD,0.5668,0.5654
3130,3,HARD,0.5314,0.5647
3131,3,HARD,0.6328,0.5663
3132,3,HARD,0.6006,0.5673
3133,3,HARD,0.5382,0.5669
3134,3,HARD,0.5463,0.5671
3135,3,HARD,0.5592,0.5664
3136,3,HARD,0.6598,0.5689
3137,3,HARD,0.5644,0.5683
3138,3,HARD,0.5286,0.5673
3139,3,HARD,0.4235,0.5645
3140,3,HARD,0.4298,0.5618
3141,3,HARD,0.589,0.5619
3142,3,HARD,0.5669,0.564
3143,3,HARD,0.5695,0.5621
3144,3,HARD,0.5784,0.5627
3145,3,HARD,0.2984,0.5571
3146,3,HARD,0.5799,0.5556
3147,3,HARD,0.5741,0.5555
3148,3,HARD,0.5847,0.5559
3149,3,HARD,0.5817,0.5565
3150,3,HARD,0.5565,0.5563
3151,3,HARD,0.6546,0.5583
3152,3,HARD,0.5759,0.5583
3153,3,HARD,0.6145,0.5592
3154,3,HARD,0.6181,0.5588
3155,3,HARD,0.4801,0.5569
3156,3,HARD,0.5858,0.558
3157,3,HARD,0.5289,0.557
3158,3,HARD,0.5538,0.5569
3159,3,HARD,0.6399,0.5586
3160,3,HARD,0.5613,0.5585
3161,3,HARD,0.5133,0.556
3162,3,HARD,0.5522,0.559
3163,3,HARD,0.5454,0.5574
3164,3,HARD,0.5529,0.556
3165,3,HARD,0.6584,0.5564
3166,3,HARD,0.5865,0.5563
3167,3,HARD,0.5566,0.5548
3168,3,HARD,0.5501,0.5547
3169,3,HARD,0.6648,0.5577
3170,3,HARD,0.5917,0.5594
3171,3,HARD,0.6489,0.5619
3172,3,HARD,0.5674,0.5635
3173,3,HARD,0.5937,0.5642
3174,3,HARD,0.5572,0.5639
3175,3,HARD,0.5526,0.563
3176,3,HARD,0.3972,0.5624
3177,3,HARD,0.4061,0.5588
3178,3,HARD,0.5519,0.5584
3179,3,HARD,0.5684,0.5584
3180,3,HARD,0.5735,0.5593
3181,3,HARD,0.5706,0.558
3182,3,HARD,0.6414,0.5588
3183,3,HARD,0.5801,0.5597
3184,3,HARD,0.5772,0.5603
3185,3,HARD,0.5687,0.5605
3186,3,HARD,0.548,0.5583
3187,3,HARD,0.5611,0.5582
3188,3,HARD,0.6079,0.5598
3189,3,HARD,0.5751,0.5628
3190,3,HARD,0.5628,0.5655
3191,3,HARD,0.5741,0.5652
3192,3,HARD,0.5501,0.5648
3193,3,HARD,0.5646,0.5647
3194,3,HARD,0.6442,0.5661
3195,3,HARD,0.5143,0.5704
3196,3,HARD,0.5467,0.5697
3197,3,HARD,0.5868,0.57
3198,3,HARD,0.6653,0.5716
3199,3,HARD,0.4165,0.5683
3200,3,HARD,0.5795,0.5687
3201,3,HARD,0.654,0.5687
3202,3,HARD,0.5792,0.5688
3203,3,HARD,0.5714,0.5679
3204,3,HARD,0.5906,0.5674
3205,3,HARD,0.5209,0.5682
3206,3,HARD,0.5703,0.5679
3207,3,HARD,0.5803,0.5689
3208,3,HARD,0.5674,0.5692
3209,3,HARD,0.5185,0.5668
3210,3,HARD,0.4288,0.5641
3211,3,HARD,0.5405,0.5646
3212,3,HARD,0.532,0.5642
3213,3,HARD,0.5591,0.5645
3214,3,HARD,0.5655,0.5648
3215,3,HARD,0.5757,0.5631
3216,3,HARD,0.6271,0.5639
3217,3,HARD,0.5947,0.5647
3218,3,HARD,0.5838,0.5654
3219,3,HARD,0.6403,0.5649
3220,3,HARD,0.5501,0.564
3221,3,HARD,0.5788,0.5626
3222,3,HARD,0.5655,0.5626
3223,3,HARD,0.5591,0.5619
3224,3,HARD,0.6165,0.5631
3225,3,HARD,0.5488,0.563
3226,3,HARD,0.5417,0.5659
3227,3,HARD,0.5684,0.5692
3228,3,HARD,0.5572,0.5693
3229,3,HARD,0.6482,0.5709
3230,3,HARD,0.6476,0.5723
3231,3,HARD,0.3983,0.5689
3232,3,HARD,0.5695,0.5674
3233,3,HARD,0.3928,0.5637
3234,3,HARD,0.5895,0.5639
3235,3,HARD,0.5901,0.5644
3236,3,HARD,0.5609,0.5646
3237,3,HARD,0.5507,0.5644
3238,3,HARD,0.6384,0.565
3239,3,HARD,0.5537,0.5646
3240,3,HARD,0.5963,0.5653
3241,3,HARD,0.5957,0.5657
3242,3,HARD,0.5782,0.5663
3243,3,HARD,0.55,0.566
3244,3,HARD,0.5668,0.5644
3245,3,HARD,0.558,0.5653
3246,3,HARD,0.6268,0.5669
3247,3,HARD,0.5999,0.5672
3248,3,HARD,0.5667,0.5652
3249,3,HARD,0.5642,0.5682
3250,3,HARD,0.5812,0.5682
3251,3,HARD,0.5791,0.5667
3252,3,HARD,0.5582,0.5663
3253,3,HARD,0.5863,0.5666
3254,3,HARD,0.3369,0.5615
3255,3,HARD,0.5715,0.5625
3256,3,HARD,0.5648,0.5624
3257,3,HARD,0.588,0.5626
3258,3,HARD,0.649,0.5642
3259,3,HARD,0.6,0.5658
3260,3,HARD,0.5755,0.5688
3261,3,HARD,0.5817,0.5696
3262,3,HARD,0.5455,0.5698
3263,3,HARD,0.5483,0.5696
3264,3,HARD,0.58,0.5699
3265,3,HARD,0.4956,0.5683
3266,3,HARD,0.5682,0.5671
3267,3,HARD,0.6402,0.5681
3268,3,HARD,0.5896,0.5682
3269,3,HARD,0.5573,0.5665
3270,3,HARD,0.6598,0.5687
3271,3,HARD,0.5682,0.5685
3272,3,HARD,0.5607,0.5684
3273,3,HARD,0.5784,0.5688
3274,3,HARD,0.5706,0.5679
3275,3,HARD,0.6231,0.5693
3276,3,HARD,0.5577,0.5697
3277,3,HARD,0.5737,0.5698
3278,3,HARD,0.5571,0.5698
3279,3,HARD,0.5743,0.5683
3280,3,HARD,0.6587,0.5685
3281,3,HARD,0.5879,0.5723
3282,3,HARD,0.5808,0.5725
3283,3,HARD,0.6421,0.5775
3284,3,HARD,0.5576,0.5769
3285,3,HARD,0.5458,0.576
3286,3,HARD,0.4192,0.5732
3287,3,HARD,0.647,0.5751
3288,3,HARD,0.5698,0.5737
3289,3,HARD,0.5706,0.5741
3290,3,HARD,0.648,0.5751
3291,3,HARD,0.6365,0.5759
3292,3,HARD,0.4528,0.5734
3293,3,HARD,0.5363,0.5731
3294,3,HARD,0.6416,0.5746
3295,3,HARD,0.658,0.5766
3296,3,HARD,0.6466,0.577
3297,3,HARD,0.6431,0.5779
3298,3,HARD,0.5737,0.578
3299,3,HARD,0.5704,0.5781
3300,3,HARD,0.5728,0.578
3301,3,HARD,0.5291,0.577
3302,3,HARD,0.6327,0.5785
3303,3,HARD,0.5619,0.578
3304,3,HARD,0.4067,0.5794
3305,3,HARD,0.6277,0.5805
3306,3,HARD,0.6271,0.5817
3307,3,HARD,0.5418,0.5808
3308,3,HARD,0.5874,0.5796
3309,3,HARD,0.5635,0.5789
3310,3,HARD,0.5677,0.5787
3311,3,HARD,0.5808,0.5787
3312,3,HARD,0.5917,0.5796
3313,3,HARD,0.5663,0.58
3314,3,HARD,0.5925,0.5802
3315,3,HARD,0.5738,0.5818
3316,3,HARD,0.5221,0.5809
3317,3,HARD,0.6125,0.5803
3318,3,HARD,0.5678,0.5799
3319,3,HARD,0.6476,0.5817
3320,3,HARD,0.5605,0.5797
3321,3,HARD,0.5325,0.579
3322,3,HARD,0.5763,0.5793
3323,3,HARD,0.6519,0.5808
3324,3,HARD,0.6451,0.5822
3325,3,HARD,0.5772,0.5813
3326,3,HARD,0.5753,0.5817
3327,3,HARD,0.4938,0.5801
3328,3,HARD,0.5585,0.5801
3329,3,HARD,0.654,0.5817
3330,3,HARD,0.572,0.58
3331,3,HARD,0.5697,0.5796
3332,3,HARD,0.5685,0.5794
3333,3,HARD,0.5481,0.5775
3334,3,HARD,0.5729,0.5778
3335,3,HARD,0.538,0.5776
3336,3,HARD,0.507,0.5794
3337,3,HARD,0.5954,0.5784
3338,3,HARD,0.5587,0.5781
3339,3,HARD,0.575,0.5782
3340,3,HARD,0.415,0.5736
3341,3,HARD,0.582,0.5725
3342,3,HARD,0.5569,0.5746
3343,3,HARD,0.5001,0.5738
3344,3,HARD,0.572,0.5724
3345,3,HARD,0.5699,0.5707
3346,3,HARD,0.5291,0.5683
3347,3,HARD,0.471,0.5649
3348,3,HARD,0.643,0.5663
3349,3,HARD,0.5611,0.5661
3350,3,HARD,0.4922,0.5645
3351,3,HARD,0.5422,0.5647
3352,3,HARD,0.5489,0.5631
3353,3,HARD,0.5676,0.5632
3354,3,HARD,0.5067,0.5652
3355,3,HARD,0.6542,0.5657
3356,3,HARD,0.5882,0.5649
3357,3,HARD,0.5675,0.5654
3358,3,HARD,0.5481,0.5646
3359,3,HARD,0.5673,0.5647
3360,3,HARD,0.5499,0.5644
3361,3,HARD,0.6383,0.5655
3362,3,HARD,0.5937,0.5656
3363,3,HARD,0.5666,0.5656
3364,3,HARD,0.4286,0.5623
3365,3,HARD,0.5729,0.5623
3366,3,HARD,0.6456,0.5647
3367,3,HARD,0.5914,0.5643
3368,3,HARD,0.5121,0.5632
3369,3,HARD,0.5241,0.5607
3370,3,HARD,0.5702,0.5609
3371,3,HARD,0.6546,0.5634
3372,3,HARD,0.573,0.5633
3373,3,HARD,0.5099,0.5605
3374,3,HARD,0.2961,0.5535
3375,3,HARD,0.5728,0.5534
3376,3,HARD,0.5638,0.5532
3377,3,HARD,0.5526,0.5543
3378,3,HARD,0.6236,0.5556
3379,3,HARD,0.5801,0.5542
3380,3,HARD,0.5908,0.5545
3381,3,HARD,0.6075,0.5553
3382,3,HARD,0.5476,0.5549
3383,3,HARD,0.5482,0.5549
3384,3,HARD,0.5758,0.5549
3385,3,HARD,0.5763,0.5557
3386,3,HARD,0.4922,0.5554
3387,3,HARD,0.5061,0.5536
3388,3,HARD,0.5718,0.5539
3389,3,HARD,0.6483,0.5553
3390,3,HARD,0.5657,0.5584
3391,3,HARD,0.5744,0.5582
3392,3,HARD,0.5532,0.5581
3393,3,HARD,0.5665,0.5595
3394,3,HARD,0.5769,0.5596
3395,3,HARD,0.5448,0.5591
3396,3,HARD,0.5813,0.5601
3397,3,HARD,0.5415,0.5615
3398,3,HARD,0.5428,0.5595
3399,3,HARD,0.6421,0.5611
3400,3,HARD,0.5977,0.5632
3401,3,HARD,0.5674,0.5637
3402,3,HARD,0.5609,0.564
3403,3,HARD,0.5659,0.564
3404,3,HARD,0.5667,0.5652
3405,3,HARD,0.6493,0.5651
3406,3,HARD,0.5618,0.5645
3407,3,HARD,0.547,0.5641
3408,3,HARD,0.4987,0.5631
3409,3,HARD,0.4198,0.5602
3410,3,HARD,0.5706,0.5606
3411,3,HARD,0.5769,0.5594
3412,3,HARD,0.5775,0.559
3413,3,HARD,0.558,0.5589
3414,3,HARD,0.5307,0.5609
3415,3,HARD,0.4159,0.5578
3416,3,HARD,0.5871,0.5566
3417,3,HARD,0.6481,0.5577
3418,3,HARD,0.564,0.5588
3419,3,HARD,0.57,0.5597
3420,3,HARD,0.4078,0.5564
3421,3,HARD,0.5766,0.5549
3422,3,HARD,0.5653,0.5547
3423,3,HARD,0.4158,0.5528
3424,3,HARD,0.411,0.5551
3425,3,HARD,0.5771,0.5552
3426,3,HARD,0.5828,0.5556
3427,3,HARD,0.6158,0.5569
3428,3,HARD,0.4991,0.5544
3429,3,HARD,0.3732,0.5502
3430,3,HARD,0.5741,0.5499
3431,3,HARD,0.329,0.5443
3432,3,HARD,0.5901,0.5452
3433,3,HARD,0.5431,0.5451
3434,3,HARD,0.5561,0.5447
3435,3,HARD,0.5665,0.5445
3436,3,HARD,0.5623,0.5459
3437,3,HARD,0.4426,0.5446
3438,3,HARD,0.5816,0.5448
3439,3,HARD,0.6257,0.5444
3440,3,HARD,0.6456,0.546
3441,3,HARD,0.6247,0.547
3442,3,HARD,0.5332,0.5466
3443,3,HARD,0.4794,0.5448
3444,3,HARD,0.5686,0.5447
3445,3,HARD,0.5919,0.5456
3446,3,HARD,0.6537,0.5471
3447,3,HARD,0.5631,0.5475
3448,3,HARD,0.5785,0.5482
3449,3,HARD,0.5587,0.5465
3450,3,HARD,0.5661,0.5459
3451,3,HARD,0.5697,0.546
3452,3,HARD,0.6431,0.5476
3453,3,HARD,0.5529,0.5473
3454,3,HARD,0.5757,0.5475
3455,3,HARD,0.5747,0.546
3456,3,HARD,0.5572,0.5459
3457,3,HARD,0.5774,0.5465
3458,3,HARD,0.6495,0.5496
3459,3,HARD,0.5697,0.5526
3460,3,HARD,0.5633,0.5524
3461,3,HARD,0.503,0.5509
3462,3,HARD,0.4859,0.5491
3463,3,HARD,0.4829,0.5476
3464,3,HARD,0.4233,0.5454
3465,3,HARD,0.5789,0.5487
3466,3,HARD,0.5601,0.5482
3467,3,HARD,0.5732,0.5467
3468,3,HARD,0.5737,0.5469
3469,3,HARD,0.5054,0.5456
3470,3,HARD,0.5107,0.5476
3471,3,HARD,0.4085,0.5443
3472,3,HARD,0.3997,0.5409
3473,3,HARD,0.5669,0.544
3474,3,HARD,0.5412,0.5466
3475,3,HARD,0.6095,0.5472
3476,3,HARD,0.5985,0.5475
3477,3,HARD,0.568,0.5466
3478,3,HARD,0.5859,0.5483
3479,3,HARD,0.5914,0.5527
3480,3,HARD,0.5641,0.5525
3481,3,HARD,0.5458,0.5568
3482,3,HARD,0.5283,0.5556
3483,3,HARD,0.5736,0.5562
3484,3,HARD,0.6438,0.5579
3485,3,HARD,0.561,0.5578
3486,3,HARD,0.5789,0.5582
3487,3,HARD,0.6313,0.5619
3488,3,HARD,0.5654,0.5616
3489,3,HARD,0.5597,0.5603
3490,3,HARD,0.5402,0.5582
3491,3,HARD,0.5738,0.5572
3492,3,HARD,0.5701,0.5579
3493,3,HARD,0.6475,0.5613
3494,3,HARD,0.6477,0.5629
3495,3,HARD,0.5712,0.5624
3496,3,HARD,0.4815,0.559
3497,3,HARD,0.5749,0.5592
3498,3,HARD,0.576,0.5592
3499,3,HARD,0.5744,0.5595
3500,3,HARD,0.5724,0.5596
3501,3,HARD,0.5537,0.5593
3502,3,HARD,0.5765,0.558
3503,3,HARD,0.5728,0.5584
3504,3,HARD,0.5659,0.5582
3505,3,HARD,0.6327,0.5593
3506,3,HARD,0.5774,0.5597
3507,3,HARD,0.4603,0.5574
3508,3,HARD,0.5265,0.5549
3509,3,HARD,0.5888,0.5553
3510,3,HARD,0.5811,0.5557
3511,3,HARD,0.588,0.5574
3512,3,HARD,0.5784,0.5592
3513,3,HARD,0.554,0.5606
3514,3,HARD,0.5591,0.5634
3515,3,HARD,0.5126,0.562
3516,3,HARD,0.6383,0.5636
3517,3,HARD,0.5763,0.5637
3518,3,HARD,0.5195,0.5626
3519,3,HARD,0.5786,0.564
3520,3,HARD,0.564,0.5651
3521,3,HARD,0.5139,0.5672
3522,3,HARD,0.6599,0.5724
3523,3,HARD,0.5799,0.5727
3524,3,HARD,0.5799,0.5735
3525,3,HARD,0.5702,0.5727
3526,3,HARD,0.6472,0.5736
3527,3,HARD,0.394,0.5702
3528,3,HARD,0.4268,0.567
3529,3,HARD,0.5739,0.5666
3530,3,HARD,0.5781,0.5669
3531,3,HARD,0.573,0.5675
3532,3,HARD,0.5467,0.5678
3533,3,HARD,0.5685,0.5677
3534,3,HARD,0.6486,0.5678
3535,3,HARD,0.5642,0.5679
3536,3,HARD,0.5024,0.5664
3537,3,HARD,0.5546,0.5648
3538,3,HARD,0.5975,0.5655
3539,3,HARD,0.579,0.5658
3540,3,HARD,0.6462,0.568
3541,3,HARD,0.4553,0.5656
3542,3,HARD,0.5744,0.5657
3543,3,HARD,0.6191,0.5651
3544,3,HARD,0.558,0.5633
3545,3,HARD,0.5699,0.5633
3546,3,HARD,0.5495,0.5647
3547,3,HARD,0.574,0.5646
3548,3,HARD,0.5579,0.5643
3549,3,HARD,0.6426,0.5656
3550,3,HARD,0.5926,0.5661
3551,3,HARD,0.5688,0.5664
3552,3,HARD,0.5641,0.5661
3553,3,HARD,0.4193,0.563
3554,3,HARD,0.5181,0.5621
3555,3,HARD,0.6485,0.5624
3556,3,HARD,0.5935,0.5627
3557,3,HARD,0.5547,0.5646
3558,3,HARD,0.5302,0.5647
3559,3,HARD,0.5459,0.5638
3560,3,HARD,0.5609,0.5634
3561,3,HARD,0.5569,0.5628
3562,3,HARD,0.6413,0.5641
3563,3,HARD,0.5717,0.5644
3564,3,HARD,0.5648,0.5645
3565,3,HARD,0.6602,0.5675
3566,3,HARD,0.5508,0.5657
3567,3,HARD,0.5578,0.5654
3568,3,HARD,0.2818,0.5606
3569,3,HARD,0.568,0.5604
3570,3,HARD,0.5517,0.5601
3571,3,HARD,0.648,0.5628
3572,3,HARD,0.6381,0.5624
3573,3,HARD,0.5397,0.5616
3574,3,HARD,0.6065,0.5621
3575,3,HARD,0.5563,0.5618
3576,3,HARD,0.5056,0.559
3577,3,HARD,0.6021,0.5632
3578,3,HARD,0.5627,0.5659
3579,3,HARD,0.5641,0.5657
3580,3,HARD,0.5424,0.565
3581,3,HARD,0.5701,0.5649
3582,3,HARD,0.5467,0.5649
3583,3,HARD,0.5717,0.565
3584,3,HARD,0.5633,0.5633
3585,3,HARD,0.5617,0.5632
3586,3,HARD,0.5779,0.5647
3587,3,HARD,0.5966,0.5656
3588,3,HARD,0.5296,0.5642
3589,3,HARD,0.6385,0.5654
3590,3,HARD,0.5875,0.5642
3591,3,HARD,0.5462,0.566
3592,3,HARD,0.5734,0.566
3593,3,HARD,0.6472,0.5666
3594,3,HARD,0.5699,0.5668
3595,3,HARD,0.5812,0.5671
3596,3,HARD,0.5988,0.568
3597,3,HARD,0.6382,0.5693
3598,3,HARD,0.5603,0.5694
3599,3,HARD,0.5619,0.5678
3600,3,HARD,0.5749,0.5674
3601,3,HARD,0.585,0.5677
3602,3,HARD,0.5053,0.5666
3603,3,HARD,0.6461,0.5711
3604,3,HARD,0.5635,0.572
3605,3,HARD,0.5485,0.57
3606,3,HARD,0.6001,0.5701
3607,3,HARD,0.641,0.5719
3608,3,HARD,0.5654,0.5726
3609,3,HARD,0.5744,0.5731
3610,3,HARD,0.5694,0.5733
3611,3,HARD,0.654,0.5752
3612,3,HARD,0.6529,0.5755
3613,3,HARD,0.557,0.5752
3614,3,HARD,0.6232,0.5763
3615,3,HARD,0.5455,0.5741
3616,3,HARD,0.2588,0.5682
3617,3,HARD,0.5657,0.5684
3618,3,HARD,0.5726,0.5742
3619,3,HARD,0.5652,0.5741
3620,3,HARD,0.5587,0.5743
3621,3,HARD,0.5346,0.572
3622,3,HARD,0.5534,0.5703
3623,3,HARD,0.5378,0.5703
3624,3,HARD,0.564,0.5694
3625,3,HARD,0.5708,0.5697
3626,3,HARD,0.5743,0.5711
3627,3,HARD,0.5405,0.5699
3628,3,HARD,0.3904,0.5664
3629,3,HARD,0.5924,0.567
3630,3,HARD,0.5507,0.5671
3631,3,HARD,0.5682,0.5671
3632,3,HARD,0.5737,0.5676
3633,3,HARD,0.6637,0.5695
3634,3,HARD,0.5599,0.5694
3635,3,HARD,0.5861,0.5699
3636,3,HARD,0.5661,0.5697
3637,3,HARD,0.5633,0.569
3638,3,HARD,0.5791,0.57
3639,3,HARD,0.5569,0.5684
3640,3,HARD,0.5926,0.5685
3641,3,HARD,0.5789,0.5691
3642,3,HARD,0.5735,0.5691
3643,3,HARD,0.4298,0.5648
3644,3,HARD,0.5884,0.5651
3645,3,HARD,0.6424,0.5664
3646,3,HARD,0.5605,0.5656
3647,3,HARD,0.5643,0.5641
3648,3,HARD,0.5802,0.5645
3649,3,HARD,0.5552,0.5644
3650,3,HARD,0.6,0.5649
3651,3,HARD,0.6575,0.5663
3652,3,HARD,0.4116,0.5645
3653,3,HARD,0.5613,0.5628
3654,3,HARD,0.5598,0.5627
3655,3,HARD,0.6592,0.5649
3656,3,HARD,0.5571,0.564
3657,3,HARD,0.5876,0.563
3658,3,HARD,0.5528,0.5627
3659,3,HARD,0.5546,0.5623
3660,3,HARD,0.5683,0.5623
3661,3,HARD,0.5837,0.5609
3662,3,HARD,0.4514,0.5569
3663,3,HARD,0.5611,0.557
3664,3,HARD,0.5798,0.5561
3665,3,HARD,0.5058,0.5553
3666,3,HARD,0.6392,0.5629
3667,3,HARD,0.5679,0.5629
3668,3,HARD,0.5665,0.5628
3669,3,HARD,0.5737,0.563
3670,3,HARD,0.6326,0.5645
3671,3,HARD,0.54,0.5646
3672,3,HARD,0.5675,0.5649
3673,3,HARD,0.5579,0.5653
3674,3,HARD,0.5233,0.5644
3675,3,HARD,0.4043,0.5611
3676,3,HARD,0.6603,0.5628
3677,3,HARD,0.5966,0.564
3678,3,HARD,0.5785,0.5677
3679,3,HARD,0.5614,0.5671
3680,3,HARD,0.4086,0.5643
3681,3,HARD,0.5574,0.564
3682,3,HARD,0.5527,0.5636
3683,3,HARD,0.5826,0.562
3684,3,HARD,0.5606,0.562
3685,3,HARD,0.5713,0.5617
3686,3,HARD,0.5645,0.5617
3687,3,HARD,0.5635,0.5617
3688,3,HARD,0.6512,0.5631
3689,3,HARD,0.5672,0.5633
3690,3,HARD,0.578,0.563
3691,3,HARD,0.4843,0.5612
3692,3,HARD,0.5606,0.5609
3693,3,HARD,0.6,0.5643
3694,3,HARD,0.6485,0.5655
3695,3,HARD,0.5772,0.5642
3696,3,HARD,0.568,0.5643
3697,3,HARD,0.5788,0.5646
3698,3,HARD,0.5562,0.5642
3699,3,HARD,0.5701,0.5645
3700,3,HARD,0.5673,0.5638
3701,3,HARD,0.577,0.5622
3702,3,HARD,0.5657,0.5653
3703,3,HARD,0.5571,0.5652
3704,3,HARD,0.6552,0.5671
3705,3,HARD,0.5693,0.5653
3706,3,HARD,0.5593,0.5653
3707,3,HARD,0.5697,0.565
3708,3,HARD,0.5108,0.5641
3709,3,HARD,0.5739,0.5645
3710,3,HARD,0.5718,0.5646
3711,3,HARD,0.6141,0.5652
3712,3,HARD,0.6678,0.5695
3713,3,HARD,0.5955,0.5702
3714,3,HARD,0.5863,0.5704
3715,3,HARD,0.5566,0.5714
3716,3,HARD,0.5471,0.5695
3717,3,HARD,0.5414,0.569
3718,3,HARD,0.5705,0.5691
3719,3,HARD,0.6709,0.571
3720,3,HARD,0.641,0.5712
3721,3,HARD,0.4268,0.5689
3722,3,HARD,0.5132,0.5678
3723,3,HARD,0.5764,0.5682
3724,3,HARD,0.5851,0.5694
3725,3,HARD,0.5603,0.5726
3726,3,HARD,0.5707,0.5708
3727,3,HARD,0.5711,0.5703
3728,3,HARD,0.6442,0.5716
3729,3,HARD,0.5849,0.572
3730,3,HARD,0.5636,0.5751
3731,3,HARD,0.5812,0.5756
3732,3,HARD,0.5505,0.5756
3733,3,HARD,0.5536,0.575
3734,3,HARD,0.53,0.5744
3735,3,HARD,0.5557,0.5741
3736,3,HARD,0.569,0.5742
3737,3,HARD,0.5894,0.5747
3738,3,HARD,0.5891,0.5734
3739,3,HARD,0.5005,0.5721
3740,3,HARD,0.3878,0.5683
3741,3,HARD,0.5668,0.57
3742,3,HARD,0.556,0.5699
3743,3,HARD,0.576,0.5694
3744,3,HARD,0.5473,0.5674
3745,3,HARD,0.5585,0.567
3746,3,HARD,0.5805,0.5672
3747,3,HARD,0.5317,0.5663
3748,3,HARD,0.5505,0.5662
3749,3,HARD,0.5465,0.5657
3750,3,HARD,0.5791,0.5659
3751,3,HARD,0.4718,0.5638
3752,3,HARD,0.5692,0.5639
3753,3,HARD,0.5561,0.5639
3754,3,HARD,0.5602,0.562
3755,3,HARD,0.5799,0.5622
3756,3,HARD,0.5778,0.5626
3757,3,HARD,0.5544,0.5623
3758,3,HARD,0.5405,0.5628
3759,3,HARD,0.6702,0.5648
3760,3,HARD,0.4902,0.5631
3761,3,HARD,0.57,0.5623
3762,3,HARD,0.5795,0.5605
3763,3,HARD,0.5623,0.5598
3764,3,HARD,0.5806,0.5597
3765,3,HARD,0.5615,0.5598
3766,3,HARD,0.6483,0.5618
3767,3,HARD,0.6527,0.5641
3768,3,HARD,0.6574,0.5658
3769,3,HARD,0.5455,0.5633
3770,3,HARD,0.571,0.5619
3771,3,HARD,0.5606,0.5646
3772,3,HARD,0.5746,0.5658
3773,3,HARD,0.5671,0.5656
3774,3,HARD,0.4794,0.5635
3775,3,HARD,0.5351,0.563
3776,3,HARD,0.5826,0.5632
3777,3,HARD,0.5139,0.5621
3778,3,HARD,0.5532,0.5603
3779,3,HARD,0.5734,0.56
3780,3,HARD,0.5712,0.5602
3781,3,HARD,0.6615,0.5618
3782,3,HARD,0.6458,0.5637
3783,3,HARD,0.5689,0.564
3784,3,HARD,0.5827,0.5651
3785,3,HARD,0.5537,0.565
3786,3,HARD,0.5336,0.5643
3787,3,HARD,0.5543,0.5636
3788,3,HARD,0.654,0.5649
3789,3,HARD,0.5569,0.566
3790,3,HARD,0.5815,0.5699
3791,3,HARD,0.5584,0.5698
3792,3,HARD,0.5796,0.5702
3793,3,HARD,0.5505,0.5697
3794,3,HARD,0.5568,0.5699
3795,3,HARD,0.5513,0.5698
3796,3,HARD,0.5767,0.5697
3797,3,HARD,0.5374,0.5698
3798,3,HARD,0.5464,0.5697
3799,3,HARD,0.5711,0.5702
3800,3,HARD,0.5606,0.5698
3801,3,HARD,0.5686,0.5718
3802,3,HARD,0.564,0.5717
3803,3,HARD,0.3251,0.5671
3804,3,HARD,0.6702,0.5693
3805,3,HARD,0.5538,0.5687
3806,3,HARD,0.5638,0.5685
3807,3,HARD,0.5831,0.569
3808,3,HARD,0.5689,0.5696
3809,3,HARD,0.5787,0.5678
3810,3,HARD,0.5516,0.569
3811,3,HARD,0.5758,0.5691
3812,3,HARD,0.5713,0.5689
3813,3,HARD,0.5631,0.569
3814,3,HARD,0.5659,0.5687
3815,3,HARD,0.5619,0.5687
3816,3,HARD,0.5694,0.5671
3817,3,HARD,0.5532,0.5651
3818,3,HARD,0.5549,0.5631
3819,3,HARD,0.5773,0.5637
3820,3,HARD,0.5688,0.5637
3821,3,HARD,0.5612,0.5637
3822,3,HARD,0.5692,0.5636
3823,3,HARD,0.5629,0.5635
3824,3,HARD,0.5692,0.5653
3825,3,HARD,0.4029,0.5626
3826,3,HARD,0.6465,0.5639
3827,3,HARD,0.5793,0.5652
3828,3,HARD,0.5585,0.5653
3829,3,HARD,0.5575,0.565
3830,3,HARD,0.4099,0.5618
3831,3,HARD,0.4922,0.5584
3832,3,HARD,0.5613,0.5567
3833,3,HARD,0.6082,0.5575
3834,3,HARD,0.5524,0.5569
3835,3,HARD,0.5627,0.5571
3836,3,HARD,0.5575,0.5575
3837,3,HARD,0.5537,0.5575
3838,3,HARD,0.5537,0.5555
3839,3,HARD,0.6255,0.5569
3840,3,HARD,0.6403,0.5581
3841,3,HARD,0.6734,0.5604
3842,3,HARD,0.5633,0.56
3843,3,HARD,0.6584,0.5622
3844,3,HARD,0.6448,0.564
3845,3,HARD,0.585,0.5646
3846,3,HARD,0.6384,0.5659
3847,3,HARD,0.5747,0.5666
3848,3,HARD,0.5603,0.5669
3849,3,HARD,0.4123,0.5637
3850,3,HARD,0.4844,0.5622
3851,3,HARD,0.555,0.5619
3852,3,HARD,0.5665,0.562
3853,3,HARD,0.5659,0.5668
3854,3,HARD,0.5464,0.5643
3855,3,HARD,0.4985,0.5632
3856,3,HARD,0.3967,0.5599
3857,3,HARD,0.5701,0.5596
3858,3,HARD,0.5508,0.5592
3859,3,HARD,0.6417,0.5605
3860,3,HARD,0.563,0.5607
3861,3,HARD,0.5706,0.5606
3862,3,HARD,0.5643,0.5605
3863,3,HARD,0.5496,0.5602
3864,3,HARD,0.5311,0.5595
3865,3,HARD,0.4215,0.5567
3866,3,HARD,0.3908,0.5531
3867,3,HARD,0.5729,0.5535
3868,3,HARD,0.5813,0.5541
3869,3,HARD,0.5516,0.5535
3870,3,HARD,0.5822,0.5538
3871,3,HARD,0.5546,0.5537
3872,3,HARD,0.552,0.5533
3873,3,HARD,0.548,0.553
3874,3,HARD,0.5924,0.5535
3875,3,HARD,0.6378,0.5582
3876,3,HARD,0.5785,0.5568
3877,3,HARD,0.406,0.5534
3878,3,HARD,0.5769,0.5537
3879,3,HARD,0.5554,0.5537
3880,3,HARD,0.6223,0.5579
3881,3,HARD,0.6448,0.561
3882,3,HARD,0.5694,0.5612
3883,3,HARD,0.5738,0.5605
3884,3,HARD,0.5024,0.5595
3885,3,HARD,0.4709,0.5576
3886,3,HARD,0.5434,0.5573
3887,3,HARD,0.5642,0.5576
3888,3,HARD,0.6449,0.5594
3889,3,HARD,0.5565,0.558
3890,3,HARD,0.5648,0.5565
3891,3,HARD,0.5828,0.5547
3892,3,HARD,0.5853,0.5551
3893,3,HARD,0.5953,0.5539
3894,3,HARD,0.5594,0.5521
3895,3,HARD,0.5451,0.5513
3896,3,HARD,0.5377,0.5493
3897,3,HARD,0.4652,0.5471
3898,3,HARD,0.5384,0.5467
3899,3,HARD,0.6391,0.5512
3900,3,HARD,0.5336,0.5522
3901,3,HARD,0.5632,0.5524
3902,3,HARD,0.4533,0.5501
3903,3,HARD,0.5252,0.5493
3904,3,HARD,0.562,0.5496
3905,3,HARD,0.6612,0.5529
3906,3,HARD,0.5504,0.556
3907,3,HARD,0.577,0.5561
3908,3,HARD,0.6591,0.5583
3909,3,HARD,0.5275,0.556
3910,3,HARD,0.4827,0.5544
3911,3,HARD,0.4196,0.5513
3912,3,HARD,0.3898,0.5479
3913,3,HARD,0.5745,0.5484
3914,3,HARD,0.5544,0.5488
3915,3,HARD,0.5752,0.5519
3916,3,HARD,0.5866,0.5558
3917,3,HARD,0.5516,0.5554
3918,3,HARD,0.4877,0.5535
3919,3,HARD,0.5523,0.5535
3920,3,HARD,0.5632,0.5531
3921,3,HARD,0.5421,0.5529
3922,3,HARD,0.5538,0.5529
3923,3,HARD,0.5121,0.5522
3924,3,HARD,0.5636,0.5516
3925,3,HARD,0.6595,0.5521
3926,3,HARD,0.5454,0.5514
3927,3,HARD,0.6622,0.5565
3928,3,HARD,0.5429,0.5559
3929,3,HARD,0.5616,0.556
3930,3,HARD,0.6254,0.556
3931,3,HARD,0.5771,0.5547
3932,3,HARD,0.6035,0.5554
3933,3,HARD,0.5656,0.5552
3934,3,HARD,0.5514,0.5562
3935,3,HARD,0.5599,0.558
3936,3,HARD,0.5763,0.5586
3937,3,HARD,0.5877,0.5591
3938,3,HARD,0.5804,0.5578
3939,3,HARD,0.5562,0.5578
3940,3,HARD,0.5825,0.5582
3941,3,HARD,0.5697,0.5579
3942,3,HARD,0.5627,0.5574
3943,3,HARD,0.6383,0.5583
3944,3,HARD,0.559,0.5583
3945,3,HARD,0.5702,0.5588
3946,3,HARD,0.6448,0.5609
3947,3,HARD,0.5779,0.5632
3948,3,HARD,0.5458,0.5633
3949,3,HARD,0.6392,0.5633
3950,3,HARD,0.6403,0.5655
3951,3,HARD,0.5354,0.5649
3952,3,HARD,0.6576,0.569
3953,3,HARD,0.58,0.5701
3954,3,HARD,0.5706,0.5703
3955,3,HARD,0.6199,0.5694
3956,3,HARD,0.5468,0.5694
3957,3,HARD,0.5631,0.5691
3958,3,HARD,0.5576,0.5671
3959,3,HARD,0.5563,0.5676
3960,3,HARD,0.5494,0.569
3961,3,HARD,0.6416,0.5734
3962,3,HARD,0.5709,0.577
3963,3,HARD,0.6588,0.5787
3964,3,HARD,0.5499,0.5786
3965,3,HARD,0.6386,0.5799
3966,3,HARD,0.5796,0.5798
3967,3,HARD,0.5783,0.5803
3968,3,HARD,0.5695,0.5819
3969,3,HARD,0.646,0.5838
3970,3,HARD,0.5536,0.5836
3971,3,HARD,0.5555,0.5839
3972,3,HARD,0.5736,0.5843
3973,3,HARD,0.5746,0.5855
3974,3,HARD,0.5394,0.585
3975,3,HARD,0.601,0.5839
3976,3,HARD,0.5418,0.5838
3977,3,HARD,0.5883,0.5823
3978,3,HARD,0.5824,0.5831
3979,3,HARD,0.5335,0.5826
3980,3,HARD,0.6269,0.5826
3981,3,HARD,0.5002,0.581
3982,3,HARD,0.4985,0.5789
3983,3,HARD,0.6392,0.5804
3984,3,HARD,0.5377,0.5801
3985,3,HARD,0.6286,0.5815
3986,3,HARD,0.5457,0.5809
3987,3,HARD,0.504,0.5792
3988,3,HARD,0.5798,0.5792
3989,3,HARD,0.5662,0.5794
3990,3,HARD,0.5643,0.5791
3991,3,HARD,0.6653,0.581
3992,3,HARD,0.5633,0.581
3993,3,HARD,0.5679,0.5796
3994,3,HARD,0.5737,0.5799
3995,3,HARD,0.5518,0.5795
3996,3,HARD,0.5733,0.5781
3997,3,HARD,0.558,0.5777
3998,3,HARD,0.4031,0.5748
3999,3,HARD,0.6259,0.5745
4000,3,HARD,0.5565,0.5729
